792,4,Nurse
334,4,Occupational Therapist
28,2,Senior Sales Associate
136,8,Financial Analyst
21,1,Operator
410,2,Software Consultant
160,6,Tax Accountant
643,1,GIS Technical Architect
356,4,Community Outreach Specialist
433,2,Desktop Support Technician
949,7,Software Engineer III
290,7,Graphic Designer
856,1,Office Assistant II
426,3,Payment Adjustment Coordinator
161,9,Nurse Practicioner
560,3,Assistant Media Planner
998,6,Human Resources Manager
221,10,Junior Executive
661,2,Professor
492,8,Director of Sales
242,10,Senior Sales Associate
71,7,General Manager
362,8,Account Coordinator
641,9,Engineer IV
71,7,Data Coordiator
510,3,Programmer Analyst I
3,7,Recruiting Manager
113,8,Editor
242,10,Analyst Programmer
520,3,Structural Engineer
372,4,Nurse Practicioner
396,6,Quality Engineer
635,3,Registered Nurse
369,4,Desktop Support Technician
929,7,Quality Control Specialist
267,9,Compensation Analyst
864,2,Software Engineer IV
804,2,Analog Circuit Design manager
703,9,Product Engineer
349,4,Senior Quality Engineer
557,3,Assistant Manager
499,5,Dental Hygienist
75,7,Food Chemist
633,5,Physical Therapy Assistant
708,10,Nurse
428,8,Associate Professor
622,1,Registered Nurse
987,8,Marketing Assistant
866,8,Senior Editor
124,7,Developer III
41,5,Director of Sales
548,10,Account Executive
617,2,Project Manager
257,5,Web Designer I
898,8,Administrative Assistant II
426,4,Accountant IV
203,5,Dental Hygienist
18,10,Financial Analyst
833,9,Geological Engineer
124,7,Recruiter
738,3,Research Nurse
673,2,Legal Assistant
919,10,Assistant Manager
187,7,Structural Engineer
309,9,Research Associate
131,2,Research Assistant III
271,6,VP Marketing
530,5,Nurse
390,1,Senior Financial Analyst
719,2,Help Desk Technician
206,6,Quality Control Specialist
946,7,Social Worker
844,5,Associate Professor
195,8,Programmer IV
468,5,Design Engineer
488,4,Registered Nurse
226,2,Clinical Specialist
681,2,Developer I
409,6,Financial Advisor
614,9,Systems Administrator II
73,3,Executive Secretary
464,5,Assistant Media Planner
212,6,Help Desk Operator
58,1,Actuary
122,2,Clinical Specialist
436,10,GIS Technical Architect
607,1,Compensation Analyst
429,7,Civil Engineer
311,3,Executive Secretary
857,2,Marketing Manager
915,7,Statistician II
170,7,Financial Analyst
171,1,Design Engineer
414,2,Engineer II
945,1,Sales Representative
196,10,Account Coordinator
802,5,Operator
608,10,Community Outreach Specialist
450,8,Physical Therapy Assistant
882,9,Financial Analyst
751,10,Account Executive
484,8,Geological Engineer
464,8,Marketing Assistant
305,6,Payment Adjustment Coordinator
657,2,Programmer Analyst IV
60,1,Safety Technician III
913,2,Registered Nurse
629,6,Staff Accountant II
45,1,Legal Assistant
914,8,VP Product Management
417,6,Developer III
921,8,Information Systems Manager
563,8,Human Resources Manager
33,4,Human Resources Manager
144,2,Actuary
160,4,Administrative Assistant I
999,10,Structural Analysis Engineer
428,6,Media Manager II
575,2,Assistant Manager
736,9,Administrative Assistant IV
296,9,Food Chemist
760,6,Graphic Designer
607,2,Quality Control Specialist
52,2,Software Consultant
378,2,Administrative Officer
956,3,Development Analyst
212,1,Help Desk Technician
790,2,Assistant Professor
210,6,Marketing Assistant
742,2,Research Assistant III
29,1,Database Administrator II
101,4,Account Executive
127,2,Technical Writer
612,8,Safety Technician II
435,2,Human Resources Manager
628,4,VP Marketing
361,10,Chemical Engineer
603,8,Professor
182,4,Quality Engineer
778,9,Desktop Support Technician
389,10,Sales Representative
136,8,Automation Specialist II
649,6,Senior Quality Engineer
404,7,Analyst Programmer
783,9,Senior Quality Engineer
523,2,Administrative Officer
313,3,Structural Engineer
313,5,Compensation Analyst
942,8,Occupational Therapist
555,3,VP Sales
414,4,Executive Secretary
182,6,Associate Professor
52,6,Social Worker
150,7,Programmer Analyst I
418,5,Developer IV
574,7,Social Worker
110,9,Project Manager
486,2,Pharmacist
366,9,Design Engineer
942,4,Food Chemist
130,3,Recruiting Manager
888,6,Marketing Manager
732,2,Analog Circuit Design manager
187,1,Recruiting Manager
520,3,Sales Representative
190,2,Compensation Analyst
306,8,Executive Secretary
622,2,Account Executive
662,10,Nurse
58,2,Cost Accountant
818,8,Desktop Support Technician
249,1,VP Quality Control
937,9,Accountant IV
9,5,Chief Design Engineer
550,1,Senior Quality Engineer
228,3,Human Resources Manager
175,9,Programmer Analyst II
174,2,Programmer Analyst I
481,8,Accounting Assistant III
441,2,Analog Circuit Design manager
873,3,Speech Pathologist
742,7,Internal Auditor
843,2,Chemical Engineer
912,7,Senior Financial Analyst
142,3,VP Sales
282,7,Assistant Manager
429,1,Speech Pathologist
28,3,Account Executive
784,5,Programmer Analyst I
813,8,Safety Technician IV
998,7,Compensation Analyst
220,8,Civil Engineer
220,2,Project Manager
402,2,Environmental Specialist
551,1,Web Developer I
561,4,Recruiting Manager
749,6,Director of Sales
514,9,Office Assistant IV
915,4,Environmental Specialist
500,9,Database Administrator II
