9,133,IEF5C4RHJV57LNF
10,405,390JIFJIVBVEHWP
2,945,IQENNLRNSW4QG56
2,691,234U3BMSR02KNQJ
6,966,MC3LFL2ZTC2Z0SS
2,331,950Y71CBNL20UTN
9,508,51PEGNWPR1RROH0
7,978,GJI38EEHBWDULMS
3,757,Z2ZXJHKDLUYWUGR
7,425,NROQ5ZPRW5LHSW3
1,435,LRZXXN6HIMVPNN2
4,390,ANW4AZHQIUD6QSN
3,410,QQR1D17VLGUUS2G
5,161,WG9KIVG8UZLBT86
9,386,OFBUJALUM6705GK
7,731,JKDFFKEJMFL8H48
5,885,UK0729XDYE4K2MB
1,718,BOXLJAFTEGJM5HE
2,335,EQU233YTSV844KO
2,75,C1LR8TEWBBAQ2ND
8,701,6033CSYE18OSZIL
7,529,U4EMNP2HH8D4PLK
9,370,CF7D9G5EIIPZWUN
2,710,MGDOP8URITTFM0Z
7,818,06DNXL2VEJ1XCB5
5,855,DSXSAQZ4NZNNI84
9,724,O0AXE3VLRVDH8FG
9,538,T53C1KV4LCV8ATS
2,275,VJ4WWRH04W7C0SM
4,782,YVRHBUTFZVADUC7
7,122,H8LM2PJCRYPEPEL
9,56,6634Y9ED933I34N
1,820,5F7D0RY0X6R88AG
9,880,H4IVEGH72EVK65Q
6,646,XZMULAQDXUB2X25
5,879,VHO910CHWQAW24C
3,241,L4MX54JZORI1EPE
1,297,U775J1V6OWCZNFC
6,504,0O7OK5CV2P3BDIL
10,342,XO4MMILRRTFSRR4
7,819,UE0MTX0HD8IDSBY
10,735,36EYL03EWVOVAO2
7,612,49GXT7EYJN62DNF
10,269,4FJO47ZNOI048NZ
3,664,N1PSB7MXWVB6JLK
6,219,CQ4Z0CGOTPIYYDJ
9,391,UQ4L1KQRP1POR6B
2,882,WGHHCKB8UBD7GEC
5,911,FR66I69OIL076GD
9,446,NRYSY4D4K5QOC8V
3,822,YP6PU9MAB0BCR6H
6,823,DV312INGUEMO9ZT
4,283,F8XXZEF48D8WA4L
8,354,EF4NWON18NEWG1H
3,605,LVAJ5JSLGM4I3N2
8,143,0TIOKL8SN9HZ9ID
6,618,KXOO4V38KWK66UT
4,336,7NXUMWAD7K78GD3
7,931,F7ZJRH0VEHWEWXE
3,240,38ZFIK9WD4F8SRE
9,825,T4JCJJAO9NYRWBZ
1,770,FA5OJR8MOHOQRB2
7,792,AHVG7KOK2UJ2KPA
2,196,I9OWMG6MK4MD5IS
7,688,V0TIE34KHQ7QZO1
6,104,E9SB3BC8F393GMJ
5,858,81QQVSMXHWAWLSN
3,656,EIAJUNW79F1H2FG
2,688,CFWQWDOPIFZWW4Z
8,452,QY47Y1KWQ2KKSNK
5,669,7G85IJSTGL24L0T
6,431,TG7S9V75IB7U3VE
3,965,TQZQO5XL4EMAJHT
5,383,P2TTQEOBSH9HSP8
8,229,69VIYM54MYW0MGZ
6,274,DPDGJV5JWO4KGA2
10,195,SWNFCFUZCKI9NM3
10,765,QIF560JXC23O164
3,593,5RZU9SCDGSHHGD3
7,980,7LZ6I9B4NVL0MUJ
2,487,6KW7XNUF9I5KZSN
7,111,QSGJV132CF8P329
5,524,PWAF4DL10U46LMY
1,811,GO43JZFJE12LUNV
3,789,P46WZD9MH8X9QBA
6,923,V7VP8PBB7D7NEV9
7,184,QCB73EBNE75AKGJ
10,243,B3PJE3EXV43I09P
8,350,DM1HR37V8ZBBTTH
5,792,IQD28ZFYS5MLKSW
7,391,KC73ZLOB7P76S66
7,878,7YH8F53FUZG209X
4,425,R6UOKCP2B438OTI
6,139,BFC7J6WRVGO26CH
1,475,FL634CLXAZIO8N2
5,749,7EN8AKA85UA04RS
3,75,M4D0Z25Z1EMOJU7
3,219,C8XULESGE2T2W3U
9,571,FYVPAU1WP3U5TKN
7,57,OMD14VGY30IHY76
6,695,R769SMM2GR8N4TG
5,295,51DNCBNN7A6IEC7
9,941,WIHUD9V3BS51E96
9,983,Z7ME5I5E8HZ6AXC
9,43,H43UN7CRMZBC9H2
2,51,9T809WUIWETJGDF
10,278,KB6AQGXKEGTH6XO
1,82,ZMKV6U3X0ZHH7ON
1,859,1R3NLPR3IJG0HXA
2,815,SIRXGF3EADYVHJB
7,509,WGM6X1TQ5JZ4I9Y
10,635,F69EL80EH7OSXTG
6,894,BA9SNGUB5KA5TX5
3,62,Y84S9VLGTUMJBDO
1,521,XWXDZ7N3UQJJT77
6,15,O6NHA2WUFAUVDVL
6,180,NNVM9BL78Z5N2U0
5,604,NXBSMD5T755H26R
4,857,JS3T2N8BPT5O1TE
2,831,8E00UD7VYRF3ZBP
10,144,MD25TDBH4VHVYSG
10,998,SEVUTKK9PAK64UV
9,205,TYIJLHJ9ZGGDTBT
4,628,M9EYK2RLXEWR9UB
4,39,9VNHG1X2JUZXN32
2,677,E4FMZ386JXOMF7U
6,949,ANPIMRMD0WIWW8D
8,263,D0XBP6WXL6L5EIL
6,86,X64NL6I2P6GT7A4
7,139,FLXLN3PXIDHIB4Q
1,876,J6LKR19PU2CWVFG
7,47,J5PY5HQ91JAP4FP
8,22,V2GTZLL7211IN70
6,445,V01K71NXP9NBT9O
5,435,YNFFRE7JX6HZTXK
4,45,U4XHSWDZXDJM2TK
6,181,48W224HHTFRIQ84
3,388,M646EYRS704BQVK
7,306,MD4MGR8KL9G890L
9,201,WL46ZKTNTUSHVZE
2,671,JW6FNES0QARF1YL
4,3,13E2OHQRNPQ3YAM
7,529,XKG1DWN7IYB1V9G
9,115,6YR3HYX39R5499Y
10,309,OE2LU3TZ1KLNCD7
2,834,0Y3KGJZHW4YBTFM
3,923,1TN3CFNQQU3AID9
1,32,ODYQL2XY9ZS21VN
10,43,EOARD6WHFTFMPDY
8,670,JGWO1N7KQ2TI54X
6,705,PTSH4EGSSH4XBH5
6,294,RX1QPA1AYY1EMN6
8,279,ZD5RZR0L31N5FGL
9,24,S5QKU60J1D295FX
5,922,CAULPKD961KIIB6
3,335,K9753RD97X10BO1
2,402,ECM2F5YWNOA7ZAT
5,661,YXAIBTROVIPQBRF
3,430,8XGTYMOZVCK42AG
1,834,1LROU45FFHAIAYR
6,262,3YB7NSFFVCA2HCC
9,916,979AT1X9Q18A4AP
9,888,AQ5F7GUHPPHQYU5
1,50,E9O0IRG6SDSSQJ8
2,12,N7TH1RM7ZN24VK8
5,560,R7FDY3M5R24ERTO
7,539,J2SVLJMP3BC3BE9
9,46,BZ86RJQA1MW6WZ3
9,399,2ZL7SUHUL4XGT7O
5,179,M7JGGJCWB0ATRZM
7,854,4Y6G05Y30ZMQZZ0
8,524,KZDO5Y6389M8VPQ
10,652,XQ8J7DY94I2A31N
2,195,VKRFLURDCRB465P
3,51,PM2GDR83WC8HYHJ
9,903,MFBE2X5YTZ5L039
6,686,RCAWXCH3GNY1URV
1,282,1PUZV5L3ML59AAH
1,498,KITUSEJCS62A882
6,426,T2990DBKVJ74DB2
9,582,R4E87G1BMYPIS9G
1,550,NIEJGMPYKQRSEX1
8,522,8YE4KJC3XZSD7AP
6,106,P91BTQBBC0WL59K
8,635,HW8TJWDG1D0MRKE
5,33,S0Q7ULPLPN587O0
7,363,1QCU5D2A9D5FX7Z
8,656,HYCKRXY6GM5X59I
10,284,EZACJ65XOFST5KP
7,810,M7I81SNRR4GDM4S
6,55,IO9FKC1C81ZTGTC
6,389,YULDQMNUCOZE5AC
3,930,UQCQ7CI6SAP4HZT
5,132,1QACFTUEQICB0YC
4,366,TWGG8E2MITWNQCE
3,693,OX7VSAQSTG3DK44
6,321,0A1A4V6D5GF6JDA
1,759,XGBSW0VSJ1R9Z4C
5,605,TOYZVTNIAACH6SQ
2,868,43OPOIDOGUBN4B5
5,151,8T2FJIAWX2YL5RX
2,285,IAJV4V3R9PMKKPS
10,505,OSS9Z1ENZ31VDP9
6,842,C4HNSNKVQ5DGJ0F
5,733,PRBVSOMIPINZQYN
7,692,B97GN0I568IBKNS
8,822,JRQVTM2EGTHWA9C
10,461,0847KPYPUQ7IYJI
4,852,GU28YJKLA6FOU17
10,635,1KF2O6FI2N9MQOD
2,825,FJSWLQJS2XO26Q5
4,647,2FBSVQHD9MVZNNE
10,502,2FCEXRHQSC7479S
4,401,9RZHABBP0KQDO27
3,978,3C521VEGPU09NRP
9,234,9E06CUF4RJ2Y9IO
3,857,2QOOY0N4LAMYY8P
3,646,D56WCRI913EHIMF
5,736,5FJXDN3DHWBAC49
2,241,VV026PWEURT0DZL
3,958,2QSHGS4WYU7KJUA
5,38,71QPJ1D133ZWXIZ
7,961,9ZJ2ARU954IG4KB
6,98,OMR12E0ST3UY2BM
4,791,YVHRADW9TVC9S1T
5,640,2LEPTD6UW20MGL8
8,229,6NSK7AVSSQSHCCV
1,629,O8O9JFP0M3CU24T
2,813,94W4KFHFVU0YXJM
10,219,UZ0Y8UXFXMXCWWN
10,48,C002QCMY2RJJRGF
1,159,C6F7VBBVBWFK6PK
9,865,5H79HRZT4L95Q02
9,132,JSFMSLFI4W1ASUN
4,478,2UIOZYTYNHPO8TN
8,175,0Z47L5DV436O2WG
8,846,LT49CZXW71PZTP0
2,665,5W2WHYW78HQEGWB
6,430,6NFYWF7607QPLV4
2,144,UBG3B731JMO1ZOF
6,673,AJTYNP1HVHOJINH
10,873,0O3RVTLNYJFFBAW
3,417,N6DJTABHJ8RZ2JZ
8,999,OHIAB9KM4ZGECG3
4,695,B33T09HFWJL5WLV
8,807,MND180GT4U0SJGD
7,232,SHKHLIRRQDD7ZSW
10,402,796RABY0LOZYUQN
7,682,M2P3HK4I2EIG2DV
10,361,9CLZOAY4INYLFL3
8,738,ZHW9DYY3RH5NFKL
6,603,QG22XJVULIVGC0I
10,989,USRU8OHODIIRR3Q
9,410,EWOGS738SYWJTJA
6,362,SK6D2JYG98MBZU6
5,17,I0RXTI25Y9XHTYD
1,706,H0FUPWRS8B9RRM1
8,989,PLV0AAWJRF7QYOB
5,389,QZ9FS2MCHZ19ODD
10,754,4SGOB1YHYQLH9G5
3,158,UEB7J5SE81UPC87
8,658,0AHFJ1ZNA5EJ41O
6,601,K4OGJU7WLZ5ND3T
8,267,MLX5LNRMBNNZRJD
5,916,RQY2F05FHV76ZXV
1,800,6JAEFH7GKINKRGO
5,433,UGXW4YSIG847TG9
5,499,F97SCOOZJ1QDRNA
8,374,T676BXHCS58HQVM
6,800,4SI5H4PFJXLPUH6
8,644,9GZH12V58J48VEG
5,212,GI0EGP05AJEABIM
3,900,UPQ9YA5BAFOIZDH
10,721,XDJ4UODV32V5C9A
10,883,S6YZ78F9URMJLLQ
4,330,SN7O4MCBFS4TVNU
5,325,C37IWS0JXKRLWO9
4,280,VZ7QKF53FW8GJ1H
7,399,G1W5UEWU35UBB5D
10,511,TAKC49CG5YMIN2J
2,5,THABM3XSAGOKIY6
4,880,DPQ92VU3MQIV3H1
10,231,HVEVWB31MP6L3QH
4,202,87U2RR61CIXL5F8
10,195,4X8FXC2FY5VH0LF
8,87,AKIS1ON2B3ASPDL
6,437,WGTQN8K4T703PJC
3,782,BX7X3UDTYNPEJ8Z
9,652,LOC3G4P6TA1VTFL
10,275,QB3JP6G2F2W66TM
10,423,WFX7H9IPA6BZWCS
3,385,6IXO1WJ663SRYFD
3,981,TKU3GS7H52KEJVU
8,451,8ZBB7NYQPA7WM6R
2,287,6GQ82B8JZML8R81
1,749,PENJZ5HZYK7KXWB
5,955,L3IB6GBZ66AD3HK
1,500,0KGAGS3YFCUQPPJ
3,227,CJOFG6G8ZGQRQTX
8,954,SKLQOVXAQUDC4K5
4,999,XT53QU05IJXAZWO
3,998,VL1OS6JS5NDY2KT
9,839,Q9FF9OPGBLZI0XF
2,269,SV2AH70I6J2UH7Z
4,60,P09ITUDIM9071NN
3,306,5BSU2BKHJRERLFS
7,75,XMVMQYIL4FZVD1Z
1,410,P6DS3RQV24FFO2M
7,201,MJWM32BBZTR1QU3
9,223,6DR623ZYX04CTYK
5,337,KO1BBRBGNENKEUR
3,686,AF0QX4VEVFD74P5
8,309,XBKJZMOBVEJJ7OO
4,881,CNN4LP9CKVMNHUP
9,621,UR3N4K0970D49IN
5,949,V56SYRG03CVNXZR
2,851,CVD5APSSD47F07D
1,767,81JOIVOVO0WARCL
7,217,TZ0BCKNA6MZ5JYQ
8,968,20GSKRSEKK6DI9B
4,199,WFW1EJGODLRE8YQ
7,414,NKFQE6TYF0IJ35Y
5,533,VXE92UEP7CDJ7TE
3,944,55YOR55SNW0VF2I
4,834,F253LTJ629HIDBM
5,857,0KX3AF9B82WPTYU
6,304,UZC9SQ9956486ZE
3,719,NYMNKDLT7HZIN5L
4,162,F5XJPOWQL59NYKY
3,154,LDWTO4HR5SQME3O
9,201,H9U1VNBV7OZTXG2
6,593,SCU1JWOJV7D0514
6,991,D5NNJYP6N3ZP4XT
9,570,52DLH343DVTQY13
9,704,PJ9RBPCOL9PSF8X
4,301,Z4MGILTIONBR958
10,782,7RLKM11BE2N2PUR
2,346,9NLQXE23RWO7VYX
1,11,XQZTKB6HPX43BE3
7,322,HKLUEYC07HKYOHH
10,902,HE6U3DMNBR43092
9,831,WV4LFFD6L0C6Q0K
8,988,NVUF1PQJ8SU89KG
9,110,Z1AH7XMHKWS4H0F
7,975,K72CCETL6RWL9JT
5,355,D16RL3YFC3YINFX
5,606,0WR7C1VW8ZNK5LI
1,198,XIZZZ98AJOJ931Y
3,146,SXO5UGDK0C9363Y
7,326,DG2EWE6FJXWVHKX
1,115,WU2XAQ6UXKFLC48
9,437,7C086I4FEQT6O8W
8,559,Y9D53WFDLMA9MLH
7,678,VKLOC5KIWM06N70
1,106,11OTRIUAYFXS6KH
6,862,B7ZYCB3U5SU9ZXL
10,412,AGPGWXDDGW7TI1L
9,543,Z7C5E4YQVC42TAO
4,149,FD08GW0ZWK4ZBI0
5,698,W4HGAQAL60BHL3Y
10,585,69JUBKTRA8JMZ8B
7,274,VST5U2TERVO161C
8,21,6ZWNQKOSF1YOJTE
9,540,BDTPMFRAEJ4U7GT
10,312,5L9W6J2NDYO1AI0
7,106,3RM994NTEGQX6TH
8,333,M7FDSWK2NDSONNQ
7,164,PDFUAPKXFY7M7PZ
3,308,TTRRF9GXQC51U5V
5,66,MDLVW32FDK9UNBK
5,475,J6G8YMGEJD5BBA0
9,424,V2O4VE9J9NBNW9J
7,388,OD3UCZ1RC9M9F77
6,570,OTS0V9QS77B669B
8,614,3DH5J2HCRCROTMY
5,444,VOPVCX53Y2PLWD9
10,528,5CH8OU65HKR7OAL
3,877,EMCAK6Y1629PZOB
7,607,S7EJVN1GDRGQ6LV
9,397,7RI0Z3GV5ZLZVXV
5,476,2QAQR82R7WYZ3SK
6,539,SEF9W0FC5YU86EJ
4,293,VJK21W61AHKEUYL
6,469,BC40ERU9FXMGCLX
4,608,5Z0VOEFF8R3FZ9K
1,311,6CAZAUNXDH6HJFQ
4,735,6GXLIWT30HWCBUA
6,38,09CGLLZ1M74YBG1
6,39,DP4QFRKJ3W2SQDS
4,724,1L5E74HRANKDUE3
9,474,GZW3YGLFL4BGYXL
8,778,85UEHMEPCTAM9C8
6,63,N0T8JQ9E58HD4VR
4,39,RI4LEEHYF4VRDK8
6,260,YDF1XEF0CPI7TWM
9,549,Q77KWGRIDAKOZV3
3,431,MOWA6VWUZW2ZGUG
2,360,VO9JLVEJ8G3UU7S
4,963,7ZASF9W2UL6ABB7
9,471,X8X2F48Q9XOBJB2
8,16,TSXW0O2ANVQFGHQ
2,128,LTALF4MFHKWOR37
10,689,3A7ERF697K2CDC3
1,148,RUWDP620PR1Y6X5
2,100,OECLCBNL2NSDS8G
1,88,J1VUD9NLUW6F9YU
7,527,51TVECLCOE0EFBA
4,523,CHC2UW9TN5MHTWO
2,521,KTQ5X5C3SMOIQ42
1,8,7309ZMBUJFHKWQT
8,326,N8TAREZPHIDI1WI
1,55,ZT07BHD4P8R7GZB
6,844,ZO16WH2GXQZOJ8P
3,345,L4LQ6GRSSBUFWIZ
7,205,4SFW5E487RKNPVU
1,90,EZFYYJCM6SK85CZ
1,333,2GFX448ZEADCLK2
1,442,LVOVUVRJQBG30YH
7,732,M4PNDEFO02MBG1C
6,935,DSPFAKDM852X3W5
6,617,WN8878I2IMU2K5L
7,998,L3VWBM9NED719SF
7,691,W78BYGC0OSIZON6
3,585,IAGMWYVJOCQ5SJ9
1,246,TXXL38LB8OLNQZL
8,943,B7EN16DFHP95J9D
10,394,8O10H3A8BKKBBKI
3,22,JHQMJOJAEITVC5O
1,184,7Q650GIDQWYEQV3
4,370,CQ9AB3X5DILO41J
4,912,6S66Z4DJ6198E35
3,272,PAXW4TLZH3PON5U
7,44,0U9CQQ9LR2DVV52
10,649,T7SG62APPI31H9A
5,342,U9IV1FK7HJQEQ9M
1,765,U3D8Z5XDGRI8A2R
10,587,BDX9IVJIZGWY3I2
5,888,URZ76ARTNQU6WDY
4,675,U1E799B1FRZZA5H
4,157,6XPYTDUSP2KH2OS
9,478,HAK5LPVEGVISRF3
10,451,F9C8AHC76T5E1BL
4,498,HFCCCNRRDC2OIK7
9,439,PKCUZ0BN02ZQBLR
8,30,OD6KOIZV8INXGF2
3,50,FR6OHHLP636IVK5
7,959,Y35BTVH05QDYPP5
5,832,ZSC2QEKLJI4F5KN
5,545,JTUAMDDJ7MAM2O9
9,516,1DB9Z5AK3AS9UH5
2,980,QMUOVP2G6WBITVF
2,436,5K4W2F8H84SV3BL
10,333,6OX654MIRZL59BG
4,88,MF7XTZ14FVAG346
9,789,UBU37GVE4QN31EM
8,280,C0K83EDIX9WU2WE
1,494,ADWUQ63D1H6OYEU
1,360,V58T6XDTIVUZKIZ
4,777,8LXVJ4YK5Q1WZ9I
10,141,OACV684FRPMFOV1
9,138,DZX4UC8UG9TEWGR
4,195,D86S4I4E1Y7L764
6,260,XTB4DJI69TOG3N9
8,292,UYAQT9ENBQXL8OG
5,243,CX4QOIJOEJR01AO
1,46,2XQP4J43JGNE6MR
7,352,AAIVXML1QQB91I5
6,121,YLJXFKPYQOTKVFF
10,974,VHLRTS9C8X696Y0
4,544,VPW9DO0N997D3FI
3,874,KWJECIKPORV2APP
6,855,S35IHNJIQKLXU9B
9,711,HZY0B70379RMXTP
2,837,5ZZ2QN0B4TB0UKZ
8,34,YL7O1H7SFZKMHM2
4,790,7MDT6FGPSJEC5YB
10,783,YNYASG6TTK1ADC6
5,63,4PPJ808KNL7YVMD
5,561,7PA7T8RK2ZMNPOH
9,737,SNBVLWGZ26J1FB7
4,665,VWUBHCRVFZFVJUV
1,441,V2WRC1EPGCZNWD5
2,497,H9HRBWAD8FYTSU8
1,86,VQHJ1CWXD8GC6GO
5,374,EP2EI6J0I4JFYNH
1,821,JC5KRIKPDYH1VLV
10,884,JZZL8AQBNNG6GK7
2,594,D069XII0VUDQD1L
4,52,ACXC3W239AJH07E
1,420,4OFFHE0EZGIJSWV
5,683,0OC9XM0TOVZXKHS
3,930,1U0WB9ZLXHC53RU
7,826,8ZOAP5I9R1DJKGL
3,501,BK9PX9WDMZD4GWD
7,856,PQOE6LWQ7T5D511
2,365,YA8ZQX6NSBX5JQL
8,234,6ZZZFODSMMOKI34
6,960,LUX2JD9YU79WBK8
8,361,8SH7LGLFTSQ04J4
10,956,KPCUOF2CS2ON8K4
10,587,Z1JLYRYHLTSVW94
3,519,IQ5WOUO58WPVU3A
5,627,1JX4L3ASZWMKJM5
9,249,61ULU31LPA4KZI3
3,398,2NA80APMDML9YE9
4,716,0MC815T8IFKKJ3U
10,458,LK9YDQKK2FAQXLR
10,406,N96RLOKCWP4R8NB
3,863,5TU1PX9XLTNGCRA
4,582,LIXUVQD88QFBYZH
8,812,20HN6T94S009G07
3,285,RIGH0RM6XP8XIS9
5,443,I0TH0Z933KSXQBJ
5,501,BLBH4LXNV0JG7QC
5,965,9T0TN9G12L7KCZM
4,236,0TJ7U3IJLJWJHIS
6,835,1M6SGYDBLZMISBL
5,138,5DJ7FH74PHVQ7M8
2,809,L6S77GPCDQZD7O4
7,736,1O5FAIHE4E2TJLO
7,326,XD4KK3NMT0ET56N
5,771,QXRJ9165MSHDMQI
1,588,FQ079690QL5I5X8
5,597,6AW9VPRIONNIMKC
6,858,T8GVAFWF00G6ZPK
10,614,J5YLMR62YZVT5F8
6,871,KFMVY8BMY5NYI6H
6,540,NU7H6OGLY9CXO9X
2,207,EMW251TAQPFJREM
2,143,KZU59ZDAC13HQED
3,393,84FS31YK7QPSM6U
3,888,9T60RI00OCME8ZB
9,381,GQHYHN2S4OMM84I
3,550,UBCFXNFG127ZX1U
8,800,5N90QHFDFXLQNMS
1,656,2C5VP4CEEY4WYL7
3,116,U8Y8SGDGTD5TVW8
4,213,R1GWOVY1NPOQMXE
5,33,NAJIBNL9IF97YJ5
9,107,ZRW5WSI8A4UQB5E
5,651,BQZFPHUPKFQPP76
9,989,S8Q0PMUTS6MMRVX
3,621,SUH3HOL49ZYIAP6
9,494,DW055XZXCAZNIKN
3,238,YD218MZYEIH5RGZ
7,341,U28K5TPANP5NR2E
10,628,UTENQG36DEBOBFA
9,719,0LM3L9AO8GUG2SP
4,762,IVL3R8BEICQ4HKF
5,269,CO07SQC506T5SFP
8,825,6SECAMG4PGPMX6D
6,246,5R72SNET8O2EHDL
2,147,RL67CHBRLQ2ST9U
1,426,9D9AQ2QAYI65SN9
5,38,VKBJTTVYLFSTSYX
7,269,H6LYNSSLIA5AGWY
2,790,WXRE8BDHRSOB59Q
6,149,N6YN5RWIV5WIYRN
3,821,GPFEGRU0RTFU08N
2,285,ZUNIA6CMLJFYFCO
5,922,E63W0QG01TNXQ1Q
6,566,6P95P121IUZVLTB
2,613,68FJA7HF4HB7VD0
10,16,G0UMO7W819W8MD7
9,297,8JRIGSM7FHS2PTW
10,406,WVXIBW1HH7LPEJ5
8,704,Z24QE99VZ9PTOZS
7,861,IL0YZP9RN4UNPXM
10,174,I9PN7V879AZUJQ7
6,155,LO6IRT5LQ0JIBSA
2,515,Y7XW67IFXOLGU0Q
9,260,WJMVQDWVGFOLBDO
6,891,RDBE1H18NDV8418
2,808,LDCHG18EEXKN13Q
8,376,P8TO6O24SYI5TNI
1,261,A8OAB970T5RUSPS
10,424,L5V5UQGIQ5SKDOF
9,133,AM0G7OT0W51LT48
1,724,PNFX4VGUZWQEIDV
7,273,1AWA24G8JK775M5
4,484,ZKZN9CE3C8SF83A
3,612,R2HMWRHWIXJI9PB
5,945,YX9TDTBYMFVF4IL
1,575,YOSDH0US1ZJ0V48
8,523,1G9A494DWC7JET0
10,969,WL4PR73LSJC2XAJ
6,185,JVY1Z3SORZDH6OZ
10,463,3DZGEFMA8IALSU6
6,960,XQ6CVTBT1DYS34Y
8,557,64YM9UW9OVHZGYP
6,464,8B1JCQZZTYVHIHT
1,661,ITL44A1JJ4SE5AY
1,450,OQI70H0QIDVQIP0
5,751,ZMN34J6H1KXG3E1
4,166,LXLP5GM34EWB7PW
2,138,5JY72O1726KSPM3
2,615,F0EOSPSC06MY99O
1,529,8DLGRH43HNJ8WJV
5,900,9PQWOWHSV6TBUZH
10,889,UZWS7E0QBBACPSO
1,763,33TV6J8Q3FQW7K2
10,691,GPHAYN2AJZS06A3
3,417,J1A2R3QKSWPSD9Y
6,899,74HCX2X9HUTSUV1
3,136,34DMI91Q0OBLDCT
6,933,AGWY3E6A3CWB676
4,427,UCXWRV0QVZBV9HL
2,680,R2KAJ3FXW20V88Y
2,221,6F7A7G7H406BSJI
2,463,HM6T40RKZCUSBS4
10,827,N3MKFVKHYKMISXC
5,915,FYXR9KE48F8J4KR
9,666,WA15BZ074A0MTUI
3,279,GIH61LHUT6TOKFH
9,858,N3TYMNVY34CHCEE
6,715,U5G8FFTWL6JZVR6
3,74,W1N2M9I1VHLAKAA
1,159,ENRE09F4JZV8ORL
3,235,Y4LE8RTW7BCJ8N8
4,456,YKORQFOB87XDWLQ
6,617,0EMD3EH014PV21U
4,483,AGZGLKA30PF3QO8
5,558,IIMRLBN5Z0CNLZH
1,656,C40H5RYSAO2P5V2
9,851,1JU23POXCPI3KDX
7,778,FWMX80LKXXMA7IE
2,627,9QL9V53MWRLZ2PG
4,757,7G80QMDCPQ43O97
5,88,BBV9PLMRJS9ZGZ2
2,785,EATJW68AROK7T8U
5,25,SSKEZF4FH67PKWU
2,875,J68NN0L9MU6ECL0
6,99,4BDPQ9G1AO0XRUP
9,380,KYH4LOQIUZ2QINY
6,348,W06OEBXUYG76RS9
1,641,RZ1N00X84I4QDA2
1,74,228RIW3LH5U8JR9
9,784,ORJSE6A4QNK7QR0
10,332,JRHM2PKQ7TNJJSA
8,394,NMFARKYCNJZ4B76
3,820,MA5UU4AQWRSNLPS
7,43,40TDBC7EZ48ZQ2E
5,485,4D8PQABBTBCXJPS
3,313,IGQC28MUGNUYIK3
2,471,HIB76A5V8S0G0HQ
4,470,N3RS3JKSI137HX5
5,481,287BKVQEXY885EO
7,986,7ZY76VYR1SFAU5L
6,566,AYXZ1QOK7TEW22X
4,905,JBQIMN12LQQASEN
10,646,PX3T5AG0WQAX7PX
9,885,AU8BAKLV2P7Z03G
1,135,I6N529LJGULDOP0
10,602,HHD7R7RO4FO4HCO
5,749,TVEPG6JVWRJ7ZOR
10,209,OQL8ACPIJ7MXHDZ
5,273,5C2FCHE5AS2ACFY
6,896,KUGF9YRYKT0ZYCT
5,338,PQRCLTP57JG9LM2
4,685,3DHLXPQQ38N31QN
6,505,OC91Z5UZC4RD4SV
7,236,D2P97YTRB1IXHVT
8,525,YKJQRDQQA2JZ0X5
10,164,530XXU45DSEPTFN
7,348,CZLAW7KJI3VILKI
1,686,2PXRV1FYAIMGRQE
9,745,040BMWTSU7L5IEH
6,91,79Y6216CL9JRH5X
6,538,5ALY96SGWSO32G7
8,812,61RPEXA0EW3ZX3D
3,391,BQDO5E6LCNPRGXH
9,600,A86TXQ2GOOX1Z1X
4,246,H2K69VJD8JEQ4HC
2,844,D3ZSO29MP935EJ3
5,940,ZGYREZC5NCQPT4C
5,162,JOLBAU0Y9JI2FZD
8,23,1BW1SEVRKWGWIGD
2,833,6WHUN39KLZTLXRY
8,916,P26G4062QTFRV37
7,351,3UXIYDY1DERTWEO
3,924,YYPJBUQBGNPPL1T
8,745,ERYT060NULW55MO
2,20,OV9EVA4V5BSM292
5,52,1W5EO569OU2JRFN
10,680,0L6MQYOKAYK9OER
9,896,XN530Y0126P6FP1
4,73,47P4J2BKXQ1FRU3
9,440,AS1R95N0LRCC5DR
9,635,CJL7X0DTJ7BMVHU
9,619,SJ4EDI626DC1DQ5
9,699,TG2W5FYLLXXX83O
9,524,U3R9OEFQCD8XFPI
2,806,RXT0MO8AGH24V14
4,844,BWWZ0QH7VIKAO94
5,707,H9L0O9OZJ5U1J6A
1,159,QGFNH8WFB6C4GBD
1,873,8209Y6GO8O0CT9Z
1,730,5V6TRYPENFEIR98
9,936,18NDEUE3LR7ND7G
2,391,RS5S9BLHCWPVIZO
4,443,WX7GI5KU47NZTVZ
9,246,NIRENJIBBTT4TF2
7,123,WPQMV8305DNRKTQ
4,223,E08QG1C65XJ0W9K
6,642,6AMKJK04ZQDVHVA
5,416,XE391G5YI0BLK0W
5,125,MUA3U5RA9806RRU
3,509,NZLHY0Q1B3KJVU6
5,658,S9ULAGAGGRQ7MTU
10,332,JPJTWH9C3K3GD7J
1,428,N1TGA2PLX87CXSA
1,901,TEKQY8VNJVRSM3N
10,720,PG63E0LVNZDZNOL
4,727,YQHZ8XNRCDCVZMT
8,132,MXZUR6GGZZEEQ23
9,528,F81QXQW9DIHYM3C
7,662,DW6LIULEK2SCYO1
3,16,AB535WZPEA3TIM1
7,831,U0PW3FUIONNUKQX
3,111,S9EJEXTD8JD5V5S
6,573,VUWPIX2QYX5CH37
6,64,51RDA8N3XLSO946
8,89,B5M3LA0FJG1CP9M
8,819,R7XPJ99T31AKD5T
5,162,GLII39Y8DOAHDL1
8,150,3J9P1QJK1U25UDR
4,371,Q9IAYWLVBZC4UWP
9,814,DDS6DHGWKHBQ4GQ
8,103,7GCXNFNSX1MLKUP
5,676,N3Z5V9G8IRV9G4O
3,437,HVKNFF4HR1WJ0QE
9,436,YGCUB8BG5QGSCPT
6,797,1PJLMWX8SUU0P6D
8,868,TF0XNFGTF4QL96S
6,708,Q6HB2JHWEC7TMSX
6,579,R5Y6YRWGCSBVJAZ
8,294,5260F07GVYZWPFO
9,764,S27R1QK0ENFQ8NT
8,891,GRKH7N231629S1Z
3,671,BHZNUG5M18FR9EV
10,332,IRZH0CCXM2N1JTR
3,65,02N01U9DOSHILF4
10,345,APYRDZT3SKQAWAY
1,220,OOO849DP1AJYAL7
3,845,BWXZJ4PGB48F8N0
6,541,DUVTSLP16Y76UB1
3,551,88VYYGQQ4TRUDTT
8,555,CVS5QLNNM8VAKI4
5,379,RXC132L7Z78LT6Z
5,49,JLYWV5K5KO2RGS4
5,618,93Q0F2A3B23SPQK
5,422,NTGP6D752MG2PGX
8,618,IDLBHVOWX4TDLCE
7,351,NDP3Y32282F8UL5
4,142,UZCM794GB1BW7JG
2,742,AJC32K2R71A2FEX
8,250,X3ZQT71XHTINKO4
8,430,N9LKS6X3B8IBOD7
1,434,EOJHZK8HWJ1YCAE
2,368,T44TGGM3XXWE0ST
3,205,GMU6M2YYSB31A0N
5,288,TXC2Y49I6DLATB1
8,509,8KKLZN0X4A0FQX4
9,216,B4IHYHO4JKXJ1ZU
5,288,Y1DYVUSXHKY7X3K
2,480,N2N1A3PQBPKOFX6
7,180,EEFDV14IIBN9YQ9
6,113,OBPLDH4FLFN3NMI
6,127,EWD1PW12MLWF84Q
1,873,6QF3OINQ8F8ZKCF
1,282,GYRW6LQUDNFIQV8
7,626,N8F8RMGM2LZ01O0
4,66,0LE1QMHSN802TAJ
1,342,WT33DUS6JQBOBQQ
5,974,EPZRJ8L4KU843WS
6,592,ZCI6XBJHKI7R2IY
6,287,V8CZHAOAMUTOT1E
8,370,UQDBJ9FVCQGG5UV
7,788,SB25P2ZER514MVZ
4,688,3FJVD3NU6M8QMV7
10,288,AX8XKR6L9ZW0S1G
3,985,K1HZP2SXQW61Z42
8,638,2ADTZZ9MEUOVMXU
5,19,UINGDYIVTI6I5XV
8,480,M6QSQOIYYF9EPAT
5,198,IHF9UF2G3J6R2K3
6,740,9YKDWUI9FSA8TGT
9,809,L836YM31EHSFC4K
2,951,O4JSTX69O1LCGGH
1,296,BIJZMQ2GMW5NNYF
5,392,EG9RAO8DJCW01AK
1,916,A39PXONG1C8UW3J
4,831,IEEEMX91T4CWXSJ
1,539,YH8X5FZSZNSOGY4
2,87,41DPM1QLM61WAUJ
2,909,WCLKZOFHW8T831W
7,798,1S1KTT4B5CYB9SV
10,971,NIKQTERSMJMZE94
3,232,B9KHAEC0LGN0XXK
1,350,2NMQROFSERUJHJD
6,520,PE52URQUQ7MYU17
6,323,7250QNFSMIXZIC4
6,335,LD0Q5CN3ZCGW6T1
4,31,2D07VGHBPI28HM5
9,920,28FHNCEC3MWFFZR
10,376,221UJHE9Y448O58
1,923,GIQE9W2VJVRSX96
8,915,XREBIT78GACAR0N
7,440,KTJE7KXSYNLOK4A
2,753,HGYAQNQT8V2M5Q5
5,55,XP1Q5JK7KAJT3EH
5,290,DLFB187N0MC3GMK
4,882,AHLQ9BGOXTJID0D
7,910,M5EQP8LZ95Z417N
8,395,7K0M946XPIY0MVU
6,220,TNFYKYK2OKGY1LS
4,921,6UKFN9FQH06EIVZ
9,446,AXYF003EMW43Z8C
5,632,KZ3R1HUHJT4GA7Z
2,45,BV4TY9G62INASQU
10,300,2CZM01075QNMY1U
8,571,JL1XNVT75T2D6XZ
7,526,LTUIQ1CPRKNBHRO
7,984,YN2XVX030DWT537
2,935,6LNYSKINXKSXD68
2,395,IS1FWV0D5JDY3ZR
6,819,GIRHKL1E3RWC22D
2,311,YU8X1BIH5C4M72B
5,756,5TFRCLAKE5WGOSK
1,18,102Y0QIJK4DWQP6
5,317,JOGD5VSGU6V00FQ
8,615,3Q8A0ZRWY5T3EYD
9,374,07WC52L5HPW84BX
1,573,BCHS5BZHH0DD8KL
6,282,MOSQP2WBGVPGQP8
6,68,9KKLPILS581XB8M
1,633,MSE8NTFWB65PDET
2,256,Y5V49LYH42YT898
7,882,3L2TUDDR4ELKW7G
10,850,G4HPN43VFEGNDD1
3,418,OHC85NXUK564TDP
7,897,V77A6XOJT8AK13E
4,172,XV11M0NRORR615T
3,516,ANHUGGFET9WLE8Y
3,451,00I3MGCOFXUKYBF
8,816,KEQEST13S5S7IF5
10,266,56ZSWUNRHBN92UZ
8,309,BKSRIBT4313KK1E
4,841,2UUHCAIT30F01XY
6,305,NOES3ZM4564H77D
6,586,XYSSAUXGORXSUSH
5,536,NQHLSP88APU34A6
3,279,ZBQZAF3VTQO310Z
4,202,RML70JVD8OW18ZK
6,985,O5TVHF9FFYMHSRB
10,354,8Q2WOT2TNUFGPFV
8,563,CP07DSNNFJKZ90O
1,604,V72A1ZYL6OQPKO9
9,457,6BPTN8GD1L78BJ4
5,423,0AQFHPPMOGS8ZCD
10,608,52ALPK7UK52BSEQ
1,368,6O8SPK4QSOG36WA
5,823,XAM3Q7XNVEJZF52
6,769,KBTJ8I7W24GNSS4
3,618,54QRBW2VL8I9EU5
8,114,9VKYNIDN3CNMKP5
2,105,F4OH72MUHX5TSUD
10,53,C0411S06EBJ710R
8,477,Q0DFYB6A48XFNNN
9,191,Y2MRQLED2E5L7O3
6,768,9G7VRWGD5QF2MDV
10,629,RV7THSIYYU2I2UI
2,621,MP61VBIY3WD4IVN
4,293,JJ6HZIPO9WXRUDW
3,64,DP81NAY6NTGY9IG
10,13,8ABD44E0HC81Y7F
9,596,5SDE18YKHD5V5RL
4,514,S22MJ809PEPZE5E
5,810,UQEZX5VGRHSRKIA
1,515,0G18ROGJHI9LYZF
2,161,KUSYJROKIIMKLAT
3,390,WN8RBXRBKRO1UQA
3,510,DR0ZF0PGE6HWSEY
2,374,B1ANS2FKXJ9E2HO
1,378,KAUBQQWYEG0P12Y
8,409,DKEO6LQ17GD7L1W
6,308,1H1H9TNTN3KXVF5
7,397,U4N75BLO9R6UFP6
10,153,FIIWUKQNUBBWH3U
1,80,EJQP9AU9KQDASH5
1,542,97125AZRNW3DIRA
2,209,6PRMKA81AQWAQ5Q
2,734,9LXD8VFBUGEZA8J
3,382,7I5JQ2A4LQP3JOJ
7,519,IZLGDTK86FNJULU
10,579,RQ8CPT4GXUF4PHT
5,934,BXQPLP1WXH37L7U
8,372,2H3OK6PRXX74RYW
2,554,VUTG5U55WHP9JH8
6,198,C07QII1EVIUVIW0
5,263,QUZKY0BEZMTS7D1
1,607,UM4N3FRXKK86O9D
5,461,RQ1RC50K3LCXKGY
5,16,NV5HADVYJCRJ5GL
6,113,5ESW0XA3CGOI0JX
4,743,GF0BZAHUNAYG065
7,7,UWKQNI27OY08GDD
8,591,QJQVIDEBYDWREIF
3,181,6GMKLJIAOITT9FL
5,407,LEDKARKFX5QR2NB
9,923,FWJ9EB9ZZGJQBID
4,361,MUFGOZV0O1UG2V3
1,539,9A2LSFBKFSKCXB3
3,241,0R499Q2VGFTQANB
5,515,4RUOSLOEPXU1PN8
5,961,BG1TTUU6VOCDRXK
1,760,8FN2FRTW7A9OZ66
3,938,ZZ774TORBWOFS6E
5,142,C0578G6WZWE3ZOL
4,878,NVU7TYP89QDG7B1
2,41,E90FW5D6FL6PR7S
6,176,7WERQK0O0JZGWJE
5,775,7WYGKF9N6YY6SEG
6,416,DZ60AYN9JCCB98S
9,167,SWSYM81K7QXJV3M
1,553,017UCFN8395I96G
5,172,GC74JKB5BSHEEKJ
3,872,9HU1BTLKP5ZGSBM
1,50,GIHSDZEB0PMNPT7
2,60,F3D92SJRO86SLQO
8,118,KFFU5YV0RI0FGJ8
3,34,TYPFVP7QQMZCILH
4,720,929Z23J4HSTZRVT
2,742,CNLXG4ULWUSTC3K
7,552,PXRCF7YL3BEUSW5
3,5,C6LFUDDOSKIL0O2
6,991,VBCNIO11RT3XVCD
1,648,SZN7KAQSBTKMT7E
7,381,L7O7JXGMIC4DXG1
4,9,A8VVKUJF0LZ891X
8,103,HLDUQIGTLSZRJYG
4,295,Q4GUA2OPNBLKPJE
9,279,WWPV1MW9EYLZBNZ
3,650,6JKRLEY5A542JW6
7,564,WBCKR23H8A9V4VI
1,560,R78B3C13MQ0VGMN
9,716,6E55C8O7ADIMVSY
8,359,U8IQVAGI6WJR4Q8
2,465,AORU1IX8UWPH4HQ
6,971,4KGEC87QNUD6T8W
1,551,94RTIPMPT2RJ7J8
1,728,RTMNLBEBB1BFH0R
8,524,XO8N3WIKVA1FAVX
4,513,UM3V78QPBPDSQ0F
8,872,WBPTXLWG51F4W7D
7,194,YZOEUBQUJHD8353
6,248,EEE8H85K8XUUY28
3,168,KEZ3MX4X30MFE9X
8,390,MSIZXSNLBEKOG2Q
4,333,5PV2UL926MB9AA1
5,902,BRZN14CLJQM46BW
3,590,3I0ZII11ZV592GE
1,656,QJZWJCWCOZJDD6J
5,2,FRHES9455I28UER
2,763,9HEFW1W0N0IBAEV
1,159,B6CYCPA71M682C9
6,698,V9GPIADOMSAW3Y5
8,475,Q3O7IVDQ8EJDJ8Y
1,102,UV9YFA78A0NURM1
1,431,0WTCU3WDMX8LJ9I
4,564,XBKY84VLO9AQT7F
7,987,95ELE9G0F5XO1TP
6,266,EAX0B2CWMSJM863
4,87,UH69E7VPECEGV62
4,403,J642K9CW4SQDLKC
2,590,MPC4MBCDMI7PP4F
10,731,TNBLB67F4PTI6EK
9,607,VAKIHSXI36LI32E
6,514,4MFIPB135B0RG6Q
10,331,32AC0N3TU4AQCU4
1,71,O1RYWTD06KVNAMH
8,689,4DD9L9S01OKJH44
3,739,55CQP7OAUT47BRI
5,500,KV8IIEKX1D6DSYJ
8,198,M2A9QL0UWZJKH6G
3,726,LM1RX86LFT8FGUV
1,987,0GONK1ET2ZCYRBB
2,275,56BUY9F56XE4V5V
7,781,FBMNXBZ1YAP1QDP
10,512,GFPPD93F713OFMY
7,305,Z99WWJZA37RLUM7
5,407,PLCRP6720VXRJJ7
8,896,H1KM31KIBQ4LDLU
10,590,EB75O29JDMXPUGM
3,56,9FCX3BGNT20RZ74
7,254,6S07CD5D7B4AYRP
7,976,D1P7IPFJGSM0GD7
1,390,1SJYLVJRU8PP8TK
5,354,0I07EHUZKYAEI4I
