gminchinton0,8gw7jSap
bschottli1,Ko7HWG0
lwheal2,0q2AqT
cbeasant3,egBa2xWRmek
srassell4,ubPw6Bgi8WvT
vjenner5,rcbtVSJfT7K
bgoozee6,GZ26uW2z
tcampos7,ba3XiMVFlAC
mgeorgi8,HhU37eJ
bgeorgot9,zXoVOUvE
gleaminga,ectfenDiY
erosemanb,TGvWREw
abeckhurstc,YcPtIOcOMaK
lcolchettd,LjEsNMt3m
dberryanne,o8AhxEZoh
cstaggf,JgLJv0
dburlessg,LTu0BtV6w
ymaaseh,Wo8DI1L4
lprobbingi,1LArUZhq0Kjy
gdaglishj,4K95mmRV
mbaldonik,Xg6uNh
rkeaml,ccVSeZrvfr
aduberrym,izgqUMsX
fbillyealdn,WKwxiqVdH
blippetto,hMAsRbF
chalkyardp,6dBbPYA
acaminq,EfsL3tw
mworganr,O495J7j
gwitherbeds,NY763M0XcNum
ychesnutt,0HiHYeea
ndewolfeu,CSVJ03OsQrNR
bledwitchv,1Z4c3TRg7ygF
cloucaw,IChTDzm6k
dtanswillx,O97uVMuXyw
saumerley,Q1i5eoA
rgainsburghz,SiaEqhiI
gburlay10,hq6BmYCi
fbroszkiewicz11,w4bScyy
icockerham12,BHaFufgK9
asanney13,7EZo5PIOnrt
nbernardin14,Ckkdt3s
jdillaway15,NpG3KgDC
kkantor16,RLCSzze
nmartineau17,0UUsbptUl
lembra18,42W3lzcsQyH
hodyvoy19,Zuj4rWt94C
nlanfear1a,SrcxLia
bhought1b,v3PqCH12Ibxn
mrabidge1c,sYKZwLhzT
crentenbeck1d,AyxM2Y
fwontner1e,eN2X7X
jcoles1f,wTLEpGdQ
llangford1g,YXeHapjaYQil
mpaver1h,xVQLpIcLwP0U
qlamberth1i,8kocpLDIjk
alonghorn1j,RRhAiuGdZgfs
rtassell1k,yNLxyegqxz
jlawrie1l,oAg6KCTISJ2
treveland1m,jZ3V6imlqIL3
calbrecht1n,1MuYPrxU5
adybbe1o,u2BCFYp5SA6c
cdimaggio1p,U6ku2zaoVSL
speagrim1q,PIcr9tYibscf
ceverall1r,n7uim03E
gmangin1s,M9NRtWdR1bD
ppeachman1t,I1xN243
ocraigg1u,KesXMV8
hcours1v,J2JZk0
mdobey1w,Lme3HuIzOmqw
gcostan1x,THnVmab0
adrewet1y,JKQFF9Q6
brotherforth1z,xqddYk5SFUXf
mdallemore20,AFFKDQ451j
ewoolfenden21,HJLA6SE60
hgudd22,g7OKCWdm6
rmussetti23,zLmjXI
ahowardgater24,9IAyEJbg
hbarrs25,PFpue6Hx
kstatersfield26,FBdevoX
etroyes27,inTen11
dllewelly28,Rv7LBEMN
eguisler29,XVHLDJIfbAl
nhurlestone2a,9qVH7fbWzZm
idowbekin2b,ANb6Kc7O0e
drennles2c,6e4ETY
lniessen2d,XZTuX3t0YO0
pbriggdale2e,SVgXRT
lhekkert2f,kp8uprOZMJbs
aledington2g,VEBGVrc11xEu
jshinton2h,4kEek2qlx
skerss2i,4SnhJ29O3
mandreia2j,zlhKE9
hmiliffe2k,uxCDaUQJ5Wy
dcasero2l,PgRj3Oe
sjardin2m,lIkr8Sp1q2
fbeiderbecke2n,zHkYw9DqJ341
zsallis2o,VW9yHD5cEji5
hjefford2p,DxIszO
cmaro2q,IKh5UV8
lbartos2r,0GeH1Mj
tbarltrop2s,T1YQ1z
nroycroft2t,XpNZk0b
mcassells2u,ozlmjT3EnQbR
pohanlon2v,h3rQVD5o7SZ
wvance2w,nJCv1zhPPO1
flamplugh2x,6rJpx9lfNX
bfeveryear2y,nS9eSX
dfoulger2z,z4uhlkX8
zbeswell30,Br2E3GEguWdc
cbentick31,dk9bpMJVebZe
horfeur32,xvZOPfLIpIL2
ntivenan33,HzQcWDoc
rpember34,mIfaDvYK
rlabell35,ynqJoWl2IK
hbloxsom36,lZw3M6
ndank37,A2gE9cpdX
bcodner38,6SzTHskojho
ocockram39,wWIXXgYQ0gK
npetrou3a,K9udy6vGW
mrowntree3b,IhF9Q5DG
daleksich3c,kXNNFZJDe
vlivesey3d,4R89Jzk
kmalcolmson3e,ycuZfX69
ddilks3f,XattYVoLo8B
lwhyteman3g,uTqZgoReGq2
sbilles3h,eZknXYc
ebradman3i,RffcJlNoNh
sgrabert3j,BDFUCdJrX4BA
cdrohan3k,oTBjabhIFI
eouver3l,PJmHcT2HKZKY
abeaument3m,fHTsDG
ngleeson3n,XQmMqK
odeathridge3o,5hoNc4GbmoY
rmessenger3p,Lvy1q8uv
nsheridan3q,cNEY2Dbbm9LH
cmerigeau3r,xgtf7Azan5KZ
rarndtsen3s,Ny3ArDca7
agossan3t,b11xNPJY
msuttling3u,siuQq9bJu
afarbrother3v,YKWTS2dDAf4D
corrom3w,pty7QBqIu
dduplain3x,ykpIkP
ekos3y,MQGKbh
ealf3z,Z05FvYF
hnormanton40,UuD8a3
dbeverstock41,o7qCddri
rmilthorpe42,lImDHTct3tnH
lpavlovsky43,AFupDePNx
dbranney44,fBgiEQlnaf
cfernandes45,WvrzhCLdS
bfinlason46,BNQodlR4g
oscutts47,Do1Oa4k
kwickendon48,f57reTv
mpeyes49,1e1Y9f4CMkCp
dsegot4a,y8fWSvuekx
lshapiro4b,0M9SIwVcXMh
emathevon4c,tIB2HMzMQ1
cgiorgetti4d,oYVhLvGR
pbenoit4e,vq38qtpg
glaycock4f,CuMbzAI1YDLh
ivarga4g,mjuM2hur
ccogman4h,3jAU88UUD0fS
aruf4i,oAI9baqKvLUu
tmichelet4j,sK6GvGdX2Xq
nrappoport4k,5KkDGiMQJO
hcooksley4l,3aZCI1iAI
dperon4m,yUaW05iFtnk
pweafer4n,nkPwTaiRxxL
mfawdry4o,AfdakmQuO
dgrissett4p,AwWuYR
gtucknutt4q,f9gHtWd4I
bsylvester4r,yJoLtrhaGBJ
rizkoveski4s,k51GgT
fbingall4t,wG3aDpLNexoC
tbattrum4u,8qMRCF
lpoinsett4v,oSProtpZEBQ
rlillo4w,iSJTj6
ehyland4x,xfMQFk
bfoord4y,SE9VhPG9IUf
ecancott4z,Xn32uw7V5
chanalan50,P1WuM08M
cbowsher51,bVw1pxt
mfenwick52,0AiwqHo
acuredell53,CdNSfwRftTob
tjordeson54,nHAQtuo0QmMA
tcornelissen55,ZuxKKStCplpr
tmateescu56,5KIv3M
dfarey57,RlnlmCczB
tpilcher58,TmJJWFZl
cgolby59,CapEjtyG
jwinkell5a,OruY1yKTJcyj
kloch5b,8XVG36f1S5
cdubarry5c,N04ht2Mbd
cmussared5d,Ohwv5VLocxvR
schetwind5e,HBvHjoxE
wlangley5f,PCR7NAC
jtrangmar5g,s3UegZ
fshreeves5h,TjC3Y0
talgie5i,LfzC4aS
pconelly5j,Squ2HubDT
