969843251-5,vel sem,1932-08-13
870318557-5,et tempus,1924-11-20
114945981-6,posuere metus vitae,1990-11-25
709450137-4,nunc purus,1923-09-29
107269673-8,in tempor turpis nec euismod,1958-09-20
671214385-3,at diam nam tristique tortor,1972-05-04
929036543-9,commodo placerat praesent,1943-08-21
192725711-5,consectetuer eget rutrum at,1928-10-27
547583702-3,phasellus in felis donec semper sapien,1968-06-18
083147551-X,neque sapien placerat ante,1937-05-14
822661910-6,sed sagittis,1942-10-11
092443662-X,non interdum,1938-03-02
566463003-5,nulla elit ac,1966-09-24
793608811-3,mauris viverra diam,1951-07-02
188569619-1,in leo maecenas pulvinar lobortis est,1931-11-19
293093349-6,in leo maecenas pulvinar lobortis,1948-09-10
911685943-X,mauris laoreet ut,1965-09-12
004017183-3,eget eros,1934-08-08
604021288-8,vitae ipsum aliquam non mauris morbi,1967-11-30
787354041-3,massa id lobortis convallis tortor,1975-06-12
683208513-3,montes nascetur ridiculus mus,1990-06-18
890686261-X,cum sociis natoque penatibus et magnis,1929-09-05
424603414-2,pulvinar nulla pede ullamcorper,1924-05-07
235553029-7,dignissim vestibulum vestibulum ante,1967-08-11
994768915-8,ut rhoncus aliquet pulvinar,1930-11-05
659895984-5,lorem quisque ut erat curabitur,1979-07-17
395327594-1,luctus ultricies eu nibh quisque id,1990-01-29
168909571-7,magnis dis parturient,1928-09-19
745857885-8,montes nascetur ridiculus,1948-02-23
367408420-1,mauris enim leo,1935-07-01
757244768-6,est phasellus sit amet,1934-09-29
591157286-9,augue quam sollicitudin,1925-05-16
082424443-5,ut suscipit a feugiat et eros,1930-07-05
675663977-3,vulputate justo in blandit ultrices,1921-09-03
560313778-9,dolor sit amet consectetuer adipiscing,1979-03-29
454008173-X,sed ante vivamus tortor duis,1977-10-09
262155214-5,in leo,1983-10-02
462530136-X,sem duis aliquam convallis nunc proin,1967-08-26
909170804-2,consequat ut nulla sed,1953-05-14
901099719-7,ac nulla sed vel,1959-01-14
722737077-1,in purus eu,1941-11-02
713128771-7,ac nibh fusce lacus,1957-11-28
135125697-1,nec molestie sed justo pellentesque,1977-05-25
213729299-8,iaculis diam erat,1969-04-21
498851794-2,lectus suspendisse potenti in eleifend,1928-08-28
559594505-2,habitasse platea dictumst,1939-04-22
854342327-9,posuere felis,1921-08-30
028265943-9,ante ipsum,1978-11-06
439786093-9,vivamus vestibulum sagittis,1964-08-09
795592334-0,quam sollicitudin vitae consectetuer eget rutrum,1961-08-22
851048373-6,volutpat eleifend donec ut dolor,1972-04-19
093545428-4,sed augue aliquam erat volutpat,1990-05-12
900374115-8,phasellus id sapien in,1922-12-22
997709856-5,convallis morbi odio odio elementum,1985-01-02
244407549-8,proin at turpis a,1960-05-30
965877298-6,orci nullam,1934-07-02
471789783-8,justo pellentesque viverra pede ac diam,1933-09-28
427424330-3,vivamus vel nulla eget eros elementum,1949-03-13
352891594-3,a ipsum integer a,1978-08-24
530755465-6,ac consequat metus sapien ut,1976-07-26
509667508-4,ultrices aliquet,1956-03-07
970118018-6,justo aliquam,1948-04-08
981906158-X,tortor quis,1928-09-30
501131928-8,dui vel sem,1964-04-12
930344724-7,platea dictumst etiam faucibus cursus urna,1945-12-07
761522587-6,tellus nisi eu,1931-08-13
151094660-8,dolor sit,1947-04-06
829941997-2,augue vestibulum,1973-05-14
136430770-7,sagittis nam congue,1965-05-14
661230032-9,est et tempus semper,1956-03-11
052256264-7,erat vestibulum sed magna,1928-10-07
978946181-X,duis consequat dui nec nisi volutpat,1974-02-02
852298461-1,sit amet justo morbi,1970-10-09
860990180-7,in est risus auctor,1928-04-03
509783899-8,quis lectus suspendisse,1979-09-12
160230147-6,turpis a pede posuere,1975-12-29
912399130-5,in faucibus orci,1942-05-11
567644744-3,turpis enim blandit mi in,1978-08-09
586125542-3,turpis nec euismod,1955-10-18
836681636-2,nulla tempus vivamus in felis,1933-07-28
821316937-9,curabitur in libero,1964-01-13
863402029-0,amet turpis elementum ligula,1980-03-11
436518751-1,neque vestibulum,1937-07-25
793406349-0,sed augue aliquam,1973-08-10
382937161-6,tristique tortor eu pede,1923-09-13
412012284-0,lobortis sapien sapien non mi integer,1983-03-27
529950146-3,in hac,1987-06-26
394677827-5,nulla facilisi cras non,1977-08-06
798472583-7,nulla nunc purus phasellus,1980-08-29
248611177-8,venenatis non sodales sed tincidunt eu,1963-10-29
912149462-2,duis bibendum morbi non quam nec,1927-11-15
771857376-1,in lacus curabitur at ipsum,1980-02-29
245733844-1,vestibulum sed magna at nunc,1971-10-05
567401271-7,fringilla rhoncus mauris enim,1923-02-12
892348049-5,quis libero,1938-07-07
489251218-4,dapibus duis,1972-07-08
364106827-4,faucibus cursus urna ut,1974-03-02
892138276-3,augue a suscipit nulla elit,1972-07-19
862758555-5,massa quis augue luctus tincidunt,1966-08-17
745652693-1,purus eu,1957-12-09
047737847-1,ut odio cras mi pede malesuada,1976-01-10
924350438-X,suspendisse potenti in eleifend quam,1952-12-24
353923715-1,morbi a,1933-11-01
165563213-2,cubilia curae duis faucibus,1923-04-06
364550196-7,fusce posuere felis sed,1977-04-27
157292817-4,in eleifend,1944-12-16
736851460-5,bibendum morbi non,1978-12-20
715471823-4,turpis enim blandit mi in porttitor,1962-09-12
177116929-X,vestibulum sagittis sapien,1977-12-25
518418911-4,eget tincidunt,1945-06-17
213706114-7,ligula nec sem duis,1990-12-13
377883542-4,quis lectus suspendisse potenti in,1939-04-13
820777934-9,morbi vel lectus in,1922-04-15
392941491-0,in hac habitasse platea dictumst,1981-05-25
629649490-4,quis augue luctus tincidunt nulla,1946-02-15
429032884-9,nunc commodo placerat praesent blandit nam,1944-06-04
743966804-9,porta volutpat,1987-02-10
587967790-7,nec euismod scelerisque,1931-11-23
294453339-8,id massa id nisl venenatis,1945-08-27
233714482-8,ac neque duis bibendum,1952-08-26
304697490-6,consectetuer eget rutrum,1936-06-08
251580350-4,ipsum dolor,1934-05-17
731040274-X,quisque porta volutpat erat,1961-09-18
473344314-5,donec pharetra magna vestibulum aliquet,1952-12-03
702256321-7,primis in faucibus,1931-04-21
532482265-5,lorem ipsum dolor sit amet consectetuer,1975-01-24
660851950-8,bibendum felis sed,1987-04-04
119510628-9,at vulputate vitae nisl aenean,1928-06-18
632105991-9,aenean auctor gravida sem praesent id,1989-04-04
110922854-6,nam ultrices libero non,1966-05-02
956935484-4,elementum pellentesque,1972-07-03
482878044-0,nascetur ridiculus,1923-05-09
664712274-5,suspendisse potenti,1947-04-30
365358065-X,blandit mi,1984-10-07
116724543-1,et eros vestibulum ac,1935-05-26
090403497-6,at velit vivamus vel,1940-07-27
024211407-5,pede libero quis orci nullam,1951-02-08
448467086-0,velit vivamus,1945-08-06
192693221-8,purus aliquet at feugiat,1926-08-31
719338824-X,turpis integer aliquet,1972-05-19
426402525-7,diam in magna bibendum,1973-03-13
649128828-5,natoque penatibus et,1958-02-06
961966669-0,non pretium,1959-08-02
256375071-7,nulla nisl,1925-04-30
177194473-0,suscipit ligula in lacus curabitur,1922-06-28
317752116-6,dolor sit amet consectetuer adipiscing elit,1926-12-22
597578963-X,placerat ante nulla,1938-04-02
071219023-6,pede justo eu massa donec,1979-10-12
598048839-1,sagittis dui vel nisl duis,1955-11-04
445717931-0,dui luctus,1982-12-24
647836931-5,posuere cubilia curae,1980-12-12
468154925-8,luctus tincidunt nulla mollis molestie,1932-06-28
235841520-0,nisl nunc nisl duis bibendum felis,1923-04-26
942531902-2,dui luctus,1929-03-16
863712144-6,gravida nisi,1969-10-25
697220627-8,sollicitudin vitae consectetuer eget,1962-11-27
918997899-4,ligula nec sem duis aliquam,1964-03-23
018525307-5,in blandit,1985-02-05
830886783-9,vestibulum sed magna at,1964-09-16
478155664-7,ridiculus mus,1926-06-18
682688165-9,eros elementum pellentesque quisque porta volutpat,1938-12-04
168553279-9,id massa,1941-12-09
260890713-X,sit amet,1976-06-27
766743831-5,leo maecenas pulvinar,1955-01-18
651030298-5,pede ullamcorper augue a suscipit nulla,1955-12-21
200590713-8,arcu sed augue aliquam,1978-01-13
515909535-7,rutrum rutrum neque aenean,1921-02-25
361015849-2,accumsan felis ut at dolor,1926-08-11
334460615-8,platea dictumst maecenas ut massa quis,1990-03-27
667148187-3,nibh in lectus,1951-12-12
924657900-3,quis turpis eget elit sodales,1929-10-06
354074947-0,nulla nisl nunc nisl duis,1970-05-16
260646229-7,sem sed sagittis nam congue risus,1942-10-24
037307318-6,odio condimentum id luctus nec molestie,1922-08-31
001460562-7,urna ut tellus nulla ut erat,1984-01-19
254847715-0,vestibulum sed,1988-01-25
800086728-1,odio porttitor id,1983-01-14
370709521-5,pharetra magna vestibulum,1986-08-03
700836116-5,ac nibh fusce,1987-11-20
744548351-9,egestas metus aenean fermentum donec ut,1926-05-23
260752035-5,nunc viverra dapibus,1978-12-30
425857932-7,volutpat convallis morbi odio odio,1939-01-13
007242729-9,consequat dui nec nisi,1938-12-27
432344985-2,consequat ut nulla sed accumsan,1927-03-15
726217879-2,sagittis dui vel nisl duis ac,1949-03-30
187846553-8,orci luctus,1947-08-27
126228994-7,amet lobortis sapien sapien non mi,1945-09-17
029394517-9,vel lectus,1971-12-15
977959737-9,euismod scelerisque quam,1969-11-23
525942323-2,pellentesque at nulla suspendisse potenti,1949-06-07
683061806-1,nunc vestibulum,1984-06-18
132310973-0,felis fusce posuere felis sed,1926-06-20
774955226-X,aliquam convallis nunc proin,1927-12-22
428253008-1,in consequat ut nulla sed,1946-08-12
006974147-6,quis turpis eget elit sodales scelerisque,1969-12-15
699538226-9,ultrices posuere cubilia curae,1982-09-28
537885130-0,eros viverra,1983-12-28
344679258-9,et magnis dis parturient montes nascetur,1967-09-16
146183637-9,lacus purus aliquet at,1937-09-03
279529461-3,interdum in ante vestibulum ante,1989-11-17
316400605-5,justo morbi,1972-07-12
257030418-2,dapibus nulla suscipit ligula in lacus,1941-08-29
558181214-4,fusce congue diam,1985-11-27
084866867-7,lectus aliquam sit amet diam,1960-03-06
952486806-7,pretium quis lectus suspendisse potenti in,1969-06-14
641921927-2,ipsum primis,1964-04-18
433117639-8,pellentesque at,1967-12-06
380448869-2,justo sollicitudin ut suscipit,1923-09-29
217438045-5,cras in purus eu,1944-04-03
008406164-2,cras in purus,1925-09-05
104020170-9,posuere cubilia,1973-06-13
155165700-7,ultrices libero non mattis,1937-08-23
107446933-X,libero quis orci nullam molestie,1922-03-09
314103393-5,nullam orci pede venenatis non sodales,1955-03-20
167426056-3,condimentum neque sapien placerat ante nulla,1929-06-08
355183222-6,nulla eget eros elementum,1981-05-20
443109185-8,pulvinar lobortis est,1926-08-20
557202956-4,tellus semper interdum mauris,1952-10-04
681141429-4,at velit,1929-11-29
128096670-X,augue vel accumsan tellus nisi eu,1935-05-27
461196877-4,lacus at velit vivamus vel nulla,1932-08-31
242559686-0,ut nunc vestibulum ante ipsum primis,1955-01-29
965110582-8,dis parturient montes,1946-08-17
459965187-7,diam nam tristique tortor,1961-09-18
396931787-8,faucibus accumsan,1941-08-03
090089260-9,fermentum donec,1940-10-21
812857853-7,rhoncus aliquet pulvinar sed nisl,1974-02-23
064242738-0,sapien dignissim vestibulum vestibulum ante,1986-01-02
399313484-2,arcu sed,1960-02-10
818804062-2,turpis elementum,1980-01-05
284896569-X,dapibus duis at,1983-10-15
043299122-0,a odio,1967-01-27
307011321-4,consequat lectus,1922-06-07
560415023-1,nunc viverra dapibus nulla suscipit,1943-01-26
406793982-5,amet consectetuer adipiscing elit proin interdum,1968-05-29
950375604-9,consectetuer eget rutrum at,1989-08-29
421289645-1,justo aliquam quis turpis eget,1961-05-09
007264777-9,quam sollicitudin vitae,1973-04-14
934818156-4,sapien urna,1974-08-23
249894735-3,ut suscipit a,1969-08-09
893746151-X,nulla justo aliquam quis turpis,1979-11-09
972059789-5,non lectus,1973-10-02
982774923-4,ac enim in tempor,1951-11-14
687096339-8,lacus morbi quis tortor id,1950-10-30
721611383-7,elementum eu,1966-04-26
889734892-0,ultricies eu nibh,1946-01-28
135110316-4,fusce posuere felis sed lacus morbi,1924-01-01
283909298-0,dictumst etiam faucibus cursus urna ut,1947-11-25
594540573-6,lorem id ligula suspendisse ornare consequat,1921-01-22
787807143-8,parturient montes nascetur,1969-08-23
294639809-9,vestibulum ante ipsum primis in faucibus,1974-12-28
979558320-4,integer non velit,1978-03-19
122476884-1,diam neque vestibulum,1960-05-30
890348869-5,mus etiam vel augue vestibulum,1966-09-09
056168722-6,nulla justo aliquam quis turpis,1961-06-02
215361361-2,nunc purus,1926-12-12
401831609-7,pede ullamcorper augue a suscipit nulla,1971-09-14
530553771-1,ipsum aliquam,1927-10-08
198988784-8,id lobortis convallis,1925-03-27
990048805-9,donec semper,1946-07-10
551018781-6,pretium iaculis justo,1926-06-22
959320424-5,sed sagittis nam congue,1936-04-23
128210237-0,vestibulum rutrum rutrum neque aenean auctor,1979-04-21
796556277-4,integer ac leo pellentesque ultrices,1927-06-21
993947767-8,et ultrices posuere cubilia,1941-05-17
055805095-6,suspendisse potenti in eleifend quam,1927-10-01
404342560-0,eget rutrum,1965-01-12
770486464-5,at lorem,1970-12-24
365964774-8,maecenas tristique est,1929-03-15
017034003-1,diam cras pellentesque volutpat,1935-03-24
554697981-X,dictumst morbi vestibulum velit id,1940-08-03
459776976-5,id massa id nisl venenatis,1981-10-29
439726483-X,congue diam id ornare imperdiet sapien,1969-08-14
661743103-0,in sagittis dui vel nisl,1926-12-28
534884178-1,in felis donec semper,1952-05-11
208959458-6,vulputate luctus cum sociis,1945-11-07
056593993-9,phasellus id sapien in,1968-08-30
544442777-X,justo eu,1951-09-16
559782221-7,sagittis sapien cum sociis natoque penatibus,1968-05-16
737018726-8,lectus pellentesque eget nunc,1932-08-23
654340998-3,faucibus accumsan odio curabitur convallis,1990-09-21
367756747-5,sapien quis,1934-11-25
254862581-8,purus aliquet at feugiat,1966-02-16
905498813-4,vel enim sit amet,1949-02-19
510977405-6,lacus purus aliquet,1956-10-25
356309008-4,at dolor quis odio consequat varius,1935-05-29
481452933-3,sapien iaculis,1938-09-09
361165368-3,platea dictumst morbi vestibulum velit id,1978-12-25
149540315-7,pellentesque ultrices,1951-05-26
232802743-1,ut at dolor,1939-06-13
448247440-1,magna at,1965-03-23
111657032-7,sed sagittis nam congue,1970-02-06
259287039-3,suspendisse potenti cras in purus eu,1984-12-24
815028030-8,in faucibus orci luctus et ultrices,1937-08-21
848077683-8,tristique in tempus sit,1923-03-26
591298827-9,eget rutrum at lorem integer tincidunt,1922-10-11
794181563-X,neque duis bibendum morbi non quam,1934-12-08
261040537-5,curabitur at ipsum ac tellus semper,1970-05-24
257055357-3,aliquam lacus morbi quis,1946-04-03
076520479-7,quam fringilla rhoncus,1985-02-01
965137692-9,rhoncus aliquet pulvinar sed,1982-09-06
256480060-2,dui nec,1989-01-08
428350499-8,ac consequat metus sapien ut,1939-06-23
657797927-8,lacinia nisi,1926-09-26
476579496-2,nonummy maecenas tincidunt lacus,1938-05-08
308355881-3,consectetuer eget rutrum,1947-12-15
440717075-1,libero convallis,1945-12-28
723922975-0,pretium quis lectus,1984-09-16
004612185-4,eleifend luctus ultricies eu nibh quisque,1967-03-01
984590715-6,aliquet ultrices,1926-11-29
125524799-1,interdum venenatis turpis enim,1960-04-08
324651977-3,risus praesent,1924-08-29
761710635-1,sapien ut nunc vestibulum ante ipsum,1960-08-27
406594690-5,at vulputate vitae,1932-06-08
048327161-6,morbi non lectus aliquam sit amet,1941-02-13
019354471-7,nec nisi volutpat eleifend,1936-02-12
664019364-7,luctus cum,1983-11-28
928552762-0,vitae nisi nam ultrices libero non,1956-05-26
920692640-3,dui nec nisi,1984-01-28
199799928-5,sagittis dui vel nisl,1974-10-30
322826010-0,suscipit nulla elit ac,1936-08-08
653905187-5,velit eu,1956-03-24
353858857-0,faucibus accumsan odio curabitur convallis,1982-02-17
445278279-5,vestibulum ante ipsum primis in faucibus,1987-12-30
239900408-6,odio porttitor id consequat,1977-06-03
075299808-0,amet eros suspendisse accumsan tortor,1951-11-24
327660784-0,nulla facilisi cras non velit nec,1929-09-30
065920847-4,ipsum primis in faucibus orci,1954-05-11
546503510-2,tellus semper interdum mauris,1965-09-10
661489029-8,ligula nec sem duis aliquam,1973-04-06
994329421-3,tristique fusce congue diam,1966-07-05
829883248-5,volutpat eleifend donec ut,1976-10-18
966524167-2,nec condimentum neque sapien,1931-02-14
262368158-9,curae nulla dapibus dolor vel,1924-07-07
168882831-1,tincidunt nulla,1949-10-01
301900467-5,elementum eu interdum eu,1951-05-21
056383850-7,non pretium,1925-06-13
195948495-8,lectus in quam,1961-05-02
630189390-5,arcu libero rutrum ac lobortis,1959-10-04
909297315-7,ut erat id mauris vulputate elementum,1978-12-26
939160984-8,non velit donec diam neque vestibulum,1986-05-30
723726195-9,eget orci vehicula condimentum,1954-05-03
859040796-9,vestibulum eget vulputate ut ultrices vel,1926-01-04
393683009-6,dictumst maecenas ut massa quis augue,1962-10-30
885465637-2,est risus auctor,1948-08-30
221706671-4,tempus semper,1976-12-15
972211746-7,pede posuere nonummy integer,1971-04-18
014726384-0,fusce lacus purus aliquet at feugiat,1955-11-03
939821730-9,in consequat ut nulla sed accumsan,1949-11-16
158907463-7,tortor risus dapibus augue vel,1986-11-17
574325349-8,nunc viverra dapibus,1982-09-20
453032516-4,vulputate ut,1937-11-07
867309520-4,in ante,1956-06-29
654413998-X,at diam,1978-11-18
840792309-5,neque vestibulum eget,1935-01-04
954088171-4,velit eu est,1953-08-01
819303659-X,ut odio cras,1935-04-05
318560725-2,in hac habitasse platea,1947-02-10
571569128-1,consectetuer adipiscing elit proin risus praesent,1942-12-07
841005880-4,praesent lectus vestibulum quam,1926-07-03
712418781-8,lacinia sapien quis libero,1952-06-07
811861852-8,odio odio elementum eu interdum eu,1946-11-28
681314679-3,pellentesque ultrices phasellus id sapien in,1960-04-05
591706268-4,a suscipit,1982-02-05
523930307-X,quisque id,1941-08-08
393420625-5,lacinia nisi venenatis tristique,1989-05-21
486563190-9,duis ac nibh fusce lacus purus,1964-07-09
219474166-6,justo aliquam quis,1928-05-03
321574467-8,vel accumsan tellus nisi eu,1990-11-11
084374001-9,ultrices enim,1940-06-30
630419024-7,augue vestibulum ante,1933-05-28
910669846-8,dolor morbi,1985-05-16
707055640-3,vestibulum velit id,1986-04-27
137482472-0,sed accumsan felis ut at dolor,1959-02-13
113674818-0,et tempus semper,1971-01-09
463392288-2,laoreet ut rhoncus aliquet,1988-06-06
481344981-6,dictumst maecenas ut massa quis,1933-10-07
790522164-4,velit vivamus,1950-01-16
260811332-X,nibh fusce lacus,1980-10-10
940156089-7,non interdum in ante,1967-07-24
344907427-X,orci luctus et ultrices posuere cubilia,1971-01-04
713222768-8,neque sapien placerat,1980-02-23
849145565-5,nam nulla integer pede,1969-07-12
955997411-4,vivamus tortor,1957-03-12
636652264-2,sit amet,1987-07-24
142115783-7,condimentum neque sapien placerat ante nulla,1931-03-25
219860789-1,nulla nisl nunc nisl duis bibendum,1932-01-14
453173916-7,rutrum nulla nunc purus phasellus in,1954-11-22
535872827-9,diam in magna,1949-02-25
155419296-X,in tempor turpis,1955-05-01
240195443-0,pellentesque ultrices mattis,1938-04-19
153711526-X,posuere felis sed,1986-03-30
061254910-0,ligula pellentesque ultrices phasellus id,1953-09-04
352141062-5,neque sapien placerat ante nulla justo,1928-11-21
155140434-6,natoque penatibus,1986-06-25
041190585-6,dapibus at diam nam tristique,1986-07-06
045606756-6,massa donec dapibus duis at velit,1929-07-20
636469079-3,quis turpis sed ante vivamus tortor,1990-11-16
136805734-9,quam suspendisse potenti nullam porttitor lacus,1966-04-16
626086542-2,sapien placerat ante nulla justo,1972-04-07
362335506-2,dapibus at diam,1977-05-30
864502165-X,nulla ut erat,1976-07-15
850587042-5,placerat ante nulla justo aliquam quis,1954-01-13
460749016-4,phasellus sit,1970-12-14
118874877-7,cum sociis natoque penatibus et,1963-11-08
193985420-2,non ligula pellentesque ultrices phasellus id,1984-12-13
021613747-0,in leo,1972-01-04
257984638-7,lacus at,1955-10-23
658079262-0,volutpat quam pede lobortis ligula,1983-05-15
285916652-1,et ultrices,1964-01-07
027651524-2,sapien quis libero,1950-05-30
021214309-3,tempus vivamus,1945-04-21
186165725-0,nunc commodo placerat praesent blandit nam,1928-02-03
337237557-2,aliquam sit,1963-09-09
371807474-5,metus sapien ut nunc vestibulum,1958-01-27
773575528-7,pede justo lacinia eget tincidunt eget,1964-04-23
318657638-5,nibh quisque id justo,1946-05-14
912160541-6,nulla ultrices aliquet maecenas leo odio,1947-02-03
463535942-5,volutpat sapien arcu sed augue aliquam,1961-03-06
406031617-2,nulla dapibus dolor vel,1954-02-28
898467311-0,quis augue luctus,1946-08-18
654305838-2,aliquam convallis nunc,1927-04-07
479274905-0,dis parturient,1943-05-14
585341294-9,dapibus at diam nam,1977-06-24
538807210-X,at diam nam,1983-11-26
771721127-0,imperdiet nullam orci pede venenatis non,1944-12-08
430731708-4,vitae ipsum aliquam,1976-05-26
129156031-9,maecenas rhoncus aliquam lacus morbi quis,1936-10-11
621945005-1,nec dui luctus,1939-07-22
890226531-5,non quam,1932-07-22
725228680-0,est congue,1963-10-21
357713204-3,libero convallis eget eleifend luctus ultricies,1935-10-14
180260940-7,magna ac consequat metus sapien ut,1947-03-12
838569277-0,montes nascetur ridiculus mus,1956-10-11
323031989-3,mus vivamus vestibulum sagittis,1975-05-23
119053453-3,turpis eget,1973-03-05
920537465-2,consequat in,1935-07-24
048486553-6,eu est,1990-07-28
179742295-2,faucibus orci,1955-01-27
220179685-8,parturient montes nascetur ridiculus,1973-04-18
510276144-7,nascetur ridiculus mus vivamus vestibulum sagittis,1951-12-13
066331872-6,luctus et ultrices posuere cubilia,1969-11-26
812618319-5,vestibulum rutrum rutrum neque aenean,1925-09-06
224383447-2,consequat lectus in,1937-09-01
221032205-7,tincidunt ante vel ipsum praesent,1952-04-30
746704386-4,elementum in hac habitasse platea,1961-02-20
771779779-8,proin at turpis a pede posuere,1970-08-04
210819563-7,lorem id ligula,1921-06-29
797493085-3,ac diam cras pellentesque,1983-01-10
466567734-4,accumsan tellus nisi eu,1963-11-04
190941594-4,fermentum justo nec condimentum,1951-08-13
085265199-6,etiam vel augue vestibulum,1955-08-01
696423330-X,viverra pede ac diam cras,1984-05-22
467889517-5,duis consequat,1936-11-28
354144819-9,nulla elit ac nulla,1935-02-14
594287356-9,posuere cubilia curae nulla dapibus dolor,1937-05-10
235224043-3,mattis nibh ligula nec sem duis,1935-01-01
793792835-2,curabitur at ipsum ac tellus semper,1988-10-23
385090278-1,aliquam sit,1967-01-16
753612237-3,molestie nibh in lectus pellentesque,1980-02-15
632026531-0,amet nulla quisque,1930-02-16
908701485-6,velit eu est congue,1932-02-20
536853908-8,in faucibus orci,1980-03-28
910330111-7,nullam varius,1933-11-25
562101702-1,at velit eu est congue,1977-03-20
571622888-7,erat curabitur,1937-05-26
329724402-X,at dolor quis odio consequat varius,1990-02-03
725749472-X,aenean lectus pellentesque eget nunc,1972-06-17
407275949-X,nec molestie sed justo pellentesque,1985-09-02
712840625-5,consequat varius integer,1941-03-21
151680805-3,non pretium quis lectus,1971-05-20
341815032-2,sem mauris laoreet,1941-08-13
906511648-6,parturient montes nascetur,1943-10-16
154732444-9,tempor convallis nulla neque libero,1942-05-03
623933275-5,est congue elementum in hac,1960-12-06
778507613-8,eu tincidunt in leo maecenas pulvinar,1953-11-21
538885003-X,justo pellentesque viverra pede,1976-05-15
319964525-9,magna ac consequat,1971-09-22
487883700-4,auctor gravida,1933-12-18
488023712-4,vestibulum ante ipsum primis,1983-11-27
352390577-X,luctus et ultrices,1925-03-26
179310046-2,tincidunt lacus at velit vivamus vel,1931-06-13
492730529-5,sed lacus morbi sem mauris,1984-01-18
799406000-5,vitae consectetuer,1941-08-01
564979036-1,ut nunc vestibulum ante,1985-04-02
806809400-8,scelerisque mauris sit amet eros suspendisse,1950-06-16
180063747-0,et ultrices posuere cubilia curae,1925-04-18
914154956-2,lobortis sapien sapien non mi integer,1929-07-27
082318685-7,tempus sit amet sem fusce consequat,1932-10-14
757635045-8,odio curabitur convallis duis,1929-06-21
473647604-4,tempus sit,1950-01-17
507555445-8,ultrices posuere cubilia curae,1963-11-05
966360574-X,donec pharetra magna vestibulum aliquet ultrices,1938-10-23
061092874-0,nascetur ridiculus mus etiam,1937-10-29
436843172-3,libero ut massa,1936-01-17
390337440-7,parturient montes,1984-04-05
366646222-7,vel lectus in quam,1975-12-16
510369790-4,nulla quisque arcu,1969-05-10
460525006-9,interdum in ante vestibulum ante ipsum,1935-12-18
001255250-X,placerat praesent blandit nam nulla integer,1922-05-06
859217169-5,diam erat fermentum,1924-04-17
792521483-X,amet eros,1962-09-30
499226335-6,nulla nunc purus phasellus,1953-06-14
978000000-3,convallis morbi odio odio elementum eu,1940-04-17
250397305-1,erat volutpat in congue,1965-10-07
215741867-9,vitae ipsum aliquam,1954-10-08
570344473-X,tellus nulla ut erat id mauris,1921-07-04
949756838-X,rhoncus aliquet pulvinar sed nisl,1967-01-07
713943095-0,vestibulum quam sapien,1955-09-28
430661932-X,duis at velit eu est,1955-04-01
610064611-0,leo odio condimentum,1958-06-10
060320776-6,vestibulum ante ipsum primis,1929-06-12
577658384-5,duis mattis egestas metus,1948-01-20
195093894-8,nam nulla integer pede,1955-05-11
185950956-8,praesent id massa id nisl venenatis,1982-06-07
176689193-4,eleifend donec ut dolor morbi,1951-06-16
258379002-1,platea dictumst,1965-07-14
931186748-9,porttitor lorem id ligula suspendisse ornare,1956-08-25
879579409-3,non lectus aliquam sit amet,1942-02-23
231897034-3,aliquam quis turpis eget,1975-11-21
694155939-X,nunc donec quis orci eget orci,1945-11-13
424843446-6,tempor convallis nulla neque libero convallis,1989-05-27
402017041-X,sed vestibulum sit amet cursus,1939-07-23
378796838-5,eros vestibulum ac est,1969-04-07
198650546-4,metus sapien ut,1924-02-15
997341933-2,sit amet lobortis sapien,1932-06-09
699403009-1,nulla sed vel enim,1971-12-25
752100341-1,nulla facilisi cras non velit nec,1949-07-13
026583289-6,turpis elementum ligula vehicula consequat morbi,1921-03-29
060180982-3,ultrices mattis odio,1921-03-05
670553026-X,faucibus accumsan odio curabitur,1931-11-24
552770997-7,integer ac leo pellentesque ultrices,1956-03-14
689096604-X,donec quis orci,1959-09-14
474788658-3,cubilia curae,1934-04-25
929660781-7,augue luctus,1971-11-24
679630175-7,magna vestibulum,1956-03-27
188255765-4,ipsum primis,1948-03-13
377194322-1,cras mi pede malesuada,1949-11-26
327463001-2,primis in faucibus orci luctus et,1926-04-14
481229494-0,elementum in hac habitasse,1953-05-19
085689758-2,quisque id justo,1943-10-19
834059773-6,pellentesque ultrices,1969-06-30
355951064-3,enim lorem ipsum dolor sit,1947-11-02
967668642-5,magna vulputate luctus cum sociis natoque,1929-01-07
311868497-6,a pede posuere nonummy,1977-02-08
815106935-X,in faucibus orci luctus,1935-09-17
256812668-X,eu nibh quisque,1986-07-20
446239624-3,turpis eget elit sodales scelerisque,1926-01-27
032910807-7,at turpis donec,1984-10-26
860614770-2,eget semper rutrum nulla nunc purus,1944-10-12
617297177-8,pede morbi porttitor lorem id,1941-12-26
130804610-3,accumsan tortor quis,1960-10-20
737287467-X,ipsum integer a,1936-09-06
329859502-0,venenatis turpis,1975-03-22
901377645-0,ut at,1983-01-03
525963473-X,fusce lacus,1930-07-18
693870285-3,quam sollicitudin vitae consectetuer eget rutrum,1946-11-13
695191814-7,odio porttitor id consequat in,1957-05-29
515126249-1,dui maecenas tristique est et tempus,1989-02-18
211684991-8,morbi sem mauris,1940-03-31
525180264-1,primis in faucibus orci luctus et,1968-09-27
136456688-5,nulla eget eros elementum,1928-02-24
899222032-4,nulla mollis molestie lorem quisque ut,1981-04-15
465632967-3,nullam orci pede,1938-07-20
718691352-0,ultrices vel augue,1955-04-06
622120345-7,convallis duis,1987-05-12
771717367-0,feugiat non pretium quis,1985-11-03
203145902-3,mus vivamus vestibulum sagittis,1930-04-08
981531419-X,erat volutpat,1984-10-17
191632808-3,sed augue,1926-02-09
150501326-7,etiam pretium,1927-09-05
424916906-5,maecenas tincidunt,1987-04-06
881745247-5,magna ac consequat metus,1981-08-04
028984999-3,turpis adipiscing,1966-05-18
285659241-4,ut massa volutpat convallis morbi odio,1975-12-27
691671680-0,nec euismod,1970-01-15
411547483-1,dapibus augue vel accumsan,1988-07-10
765478956-4,varius integer,1957-09-24
069415046-0,pede ullamcorper,1933-09-20
337133671-9,nulla tempus vivamus in felis,1951-10-21
322795926-7,sed sagittis,1967-03-20
713820105-2,aliquam lacus,1931-12-07
926590507-7,vestibulum ante ipsum,1966-10-31
917354223-7,nullam porttitor,1972-12-27
628949106-7,sapien dignissim vestibulum vestibulum,1985-10-17
045018572-9,et commodo vulputate justo in,1970-10-02
410555815-3,placerat ante,1987-11-23
146823069-7,tristique est et tempus semper est,1979-12-05
256871610-X,curae mauris viverra diam vitae,1948-08-31
341783375-2,elementum eu interdum eu,1987-10-09
732444349-4,justo sollicitudin ut suscipit,1936-03-06
779523884-X,sit amet consectetuer adipiscing elit,1936-08-26
418652561-7,nec euismod scelerisque quam turpis adipiscing,1973-04-08
805146550-4,vel nulla,1966-03-22
421697798-7,ullamcorper purus,1941-05-26
782714424-1,lectus pellentesque at nulla,1928-06-14
038975343-2,tempor turpis nec,1936-12-30
320561086-5,bibendum felis sed interdum venenatis turpis,1989-01-24
173529861-1,quis orci,1962-02-16
512236239-4,nibh ligula,1941-06-22
890138787-5,a nibh in quis justo,1927-08-25
036459157-9,nulla neque libero convallis eget eleifend,1988-11-11
262750914-4,enim blandit mi in,1927-08-19
252287793-3,ipsum aliquam non mauris morbi,1975-08-10
655626257-9,etiam pretium iaculis justo in hac,1988-08-17
986925704-6,enim leo rhoncus,1939-04-29
681777893-X,lobortis sapien sapien non mi integer,1967-07-19
790336169-4,purus phasellus in felis donec semper,1968-02-04
199890620-5,ligula vehicula,1948-12-13
135719393-9,convallis tortor,1960-12-25
560280826-4,convallis nunc proin at turpis,1923-11-03
036471035-7,massa volutpat convallis morbi odio,1990-12-24
850747839-5,sollicitudin vitae consectetuer eget rutrum,1969-11-15
829318246-6,nisl ut,1973-04-14
623349147-9,orci luctus et ultrices posuere cubilia,1932-08-01
190799742-3,nulla integer pede justo lacinia eget,1953-09-19
450353825-X,nisi venenatis tristique fusce,1965-07-17
268411436-6,rhoncus dui vel sem sed sagittis,1939-03-03
004741519-3,at dolor quis odio consequat varius,1961-08-05
958711652-6,nascetur ridiculus mus etiam vel,1924-12-03
098897234-4,tellus in,1986-05-26
390092669-7,id mauris vulputate elementum nullam,1988-05-11
051449607-X,sit amet eleifend pede libero quis,1973-11-23
770506979-2,habitasse platea dictumst,1941-11-11
480652812-9,mi pede malesuada in,1943-03-21
422692518-1,in est risus auctor,1963-09-07
494248047-7,sed interdum venenatis,1927-12-17
521525043-X,non mi integer ac,1946-05-29
048321286-5,congue eget semper rutrum nulla,1985-04-25
562050664-9,congue risus semper porta volutpat,1971-02-24
642656795-7,montes nascetur ridiculus,1934-01-05
758634346-2,vestibulum vestibulum ante ipsum primis in,1966-10-31
249632614-9,eget eros elementum pellentesque quisque porta,1928-07-28
667810294-0,amet eros suspendisse accumsan tortor,1986-08-14
945780042-7,tellus semper interdum mauris,1954-03-24
548468867-1,rhoncus sed vestibulum sit amet,1949-09-08
325889461-2,eget tempus vel pede morbi porttitor,1959-07-09
374288362-3,eu magna vulputate luctus cum sociis,1929-05-15
394332156-8,blandit nam,1986-05-07
445737948-4,suscipit nulla elit,1949-07-28
472508686-X,nec nisi volutpat eleifend,1990-04-09
932542176-3,quam suspendisse,1940-06-26
474268467-2,nibh fusce lacus,1975-05-08
449251841-X,sit amet erat nulla tempus,1965-10-04
150022616-5,ac enim,1970-05-16
331182518-7,magna vestibulum aliquet ultrices erat tortor,1931-01-24
497683257-0,sem praesent id massa id nisl,1926-11-01
153819418-X,ultrices enim lorem ipsum dolor,1964-09-14
002464544-3,sit amet diam in magna,1959-12-13
349363171-5,gravida nisi at nibh,1989-08-21
807296049-0,vulputate luctus cum sociis,1957-07-22
640526729-6,justo sollicitudin ut suscipit,1934-08-20
914379090-9,curabitur convallis duis consequat dui,1952-09-27
501821965-3,lectus pellentesque eget nunc donec,1954-03-11
210232302-1,ultrices vel augue vestibulum ante,1988-06-17
039967216-8,duis ac nibh fusce lacus,1977-07-14
017886692-X,quam a,1982-07-15
057605912-9,aliquam quis turpis eget elit,1970-04-12
972704276-7,tempus sit amet sem fusce,1937-12-03
083910943-1,mi pede malesuada in imperdiet et,1954-07-01
262983837-4,faucibus cursus urna ut tellus,1958-10-11
663238911-2,maecenas rhoncus aliquam lacus morbi quis,1944-11-19
482591733-X,ut blandit non interdum in,1959-12-25
985426726-1,quam pharetra magna,1963-09-04
006925504-0,cubilia curae donec pharetra,1959-10-15
383291903-1,at turpis donec posuere,1958-11-12
577535062-6,integer a nibh in,1983-03-02
708341316-9,quam sollicitudin vitae,1975-06-24
092868771-6,pellentesque ultrices phasellus id sapien in,1979-10-05
829629675-6,elit sodales scelerisque mauris sit amet,1984-12-06
793406186-2,mollis molestie,1956-04-05
393864112-6,cubilia curae nulla dapibus,1939-07-05
424854552-7,semper rutrum,1983-01-17
286759870-2,quis tortor id nulla ultrices aliquet,1958-08-14
686860673-7,posuere nonummy integer,1930-01-20
950754617-0,vehicula condimentum,1969-11-02
982984057-3,ante vivamus tortor duis mattis egestas,1954-03-11
835495488-9,consequat ut nulla sed accumsan felis,1921-05-21
013012949-6,cubilia curae nulla dapibus dolor,1948-12-10
155048122-3,habitasse platea dictumst,1922-02-15
775678645-9,vestibulum sit amet cursus,1963-02-07
438836848-2,vestibulum ante,1942-01-11
959000908-5,morbi sem mauris laoreet ut,1952-06-24
837658561-4,molestie hendrerit at vulputate vitae nisl,1946-06-25
316573722-3,in faucibus orci luctus,1959-05-16
740005785-5,in hac habitasse platea dictumst,1949-09-10
767865527-4,nisi venenatis,1970-10-12
587011678-3,nulla suscipit ligula in lacus curabitur,1987-01-01
262563842-7,dapibus at diam nam tristique tortor,1930-08-11
798934655-9,lacus at turpis,1935-03-18
521282939-9,porttitor id consequat in,1929-04-09
678536271-7,mattis odio,1989-10-21
851018258-2,ac diam cras pellentesque volutpat,1947-12-19
174915198-7,faucibus orci luctus et ultrices,1932-04-05
602323919-6,mi nulla ac enim in tempor,1958-01-16
649679903-2,purus sit,1981-07-31
359804510-7,sapien placerat ante,1938-01-28
543420227-9,penatibus et magnis dis,1938-07-14
716116221-1,curae duis faucibus accumsan,1963-04-08
138931725-0,eget tincidunt eget,1974-06-27
845942887-7,elementum eu interdum eu,1966-07-29
822612056-X,enim in,1958-09-21
267688227-9,diam neque vestibulum eget vulputate ut,1937-12-31
234411063-1,et commodo vulputate justo in blandit,1971-07-22
101443236-7,erat vestibulum sed magna at nunc,1944-01-14
595247009-2,dictumst morbi vestibulum velit id pretium,1929-07-06
481421981-4,eleifend luctus ultricies,1929-07-12
081546962-4,pretium iaculis justo in hac habitasse,1942-12-26
832050331-0,purus phasellus in felis,1938-05-28
251634566-6,etiam vel augue,1957-11-16
915322603-8,tempus sit amet,1944-01-12
027906047-5,feugiat et,1986-08-06
247063677-9,congue diam id ornare,1949-03-22
535780997-6,nisl duis bibendum felis,1962-08-08
347889971-0,ultrices posuere cubilia curae,1940-09-23
674052308-8,lorem vitae mattis nibh ligula,1932-04-11
152086842-1,felis fusce posuere felis,1974-06-02
087991160-3,cubilia curae donec pharetra magna,1923-11-06
606779898-0,sem praesent id,1968-02-17
001209472-2,aliquet massa id lobortis,1939-07-18
602970031-6,sit amet,1949-09-06
104680471-5,sed accumsan felis ut at,1987-09-02
843054115-2,est phasellus sit amet erat nulla,1958-12-20
230115718-0,eleifend pede libero quis orci,1969-03-09
170461784-7,erat eros viverra,1946-11-23
779345882-6,ut erat id mauris vulputate elementum,1981-10-29
053270684-6,in imperdiet et commodo vulputate,1948-09-02
463054794-0,et magnis dis parturient montes,1940-02-19
647594478-5,orci luctus et ultrices,1962-12-30
505520203-3,sed lacus morbi,1969-12-13
240557254-0,est donec odio justo,1962-08-26
683169936-7,sapien urna pretium nisl ut,1922-07-02
214523980-4,augue vestibulum ante ipsum,1965-02-26
601038034-0,lacinia sapien quis libero nullam,1966-10-19
824487514-3,velit eu est congue elementum in,1987-09-08
996364267-5,in leo maecenas pulvinar,1990-09-11
473477836-1,magna at,1980-05-12
845967051-1,odio justo sollicitudin ut suscipit,1983-10-10
547655620-6,varius ut,1970-08-26
560978988-5,donec ut dolor,1983-09-25
994902592-3,justo sollicitudin ut suscipit a feugiat,1962-11-28
482929061-7,et magnis,1967-07-31
280097358-7,consequat lectus in est risus,1981-04-23
345256558-0,nisi vulputate nonummy maecenas tincidunt,1948-08-05
357514168-1,ante vivamus tortor duis,1946-10-27
731765860-X,tortor risus dapibus augue vel,1929-08-27
510629425-8,non mi,1981-05-28
889086619-5,turpis sed,1952-11-22
498921548-6,ipsum integer a nibh,1937-10-12
511331899-X,viverra dapibus nulla,1990-05-31
922141390-X,nec nisi volutpat eleifend,1955-09-22
132625312-3,in eleifend quam a odio,1937-03-09
497704025-2,ornare imperdiet sapien urna pretium,1990-10-26
094418410-3,at vulputate vitae,1958-10-06
192064789-9,risus praesent,1949-09-20
887756152-1,enim leo rhoncus sed,1990-07-01
319734400-6,id ornare imperdiet,1983-08-08
293900115-4,libero non mattis pulvinar nulla,1938-10-01
268447700-0,luctus tincidunt nulla mollis,1983-01-04
396525720-X,ante ipsum primis in faucibus,1985-05-01
191672023-4,eros suspendisse accumsan tortor,1929-09-18
477690277-X,quam sapien varius ut blandit non,1947-08-17
555948808-9,nullam sit amet turpis elementum ligula,1971-08-10
154125125-3,lectus in quam fringilla rhoncus,1972-08-10
240960270-3,eleifend donec,1944-12-01
009807724-4,est donec odio justo sollicitudin,1966-07-14
636008885-1,arcu sed augue aliquam,1929-11-22
064247227-0,enim lorem ipsum dolor sit amet,1928-10-01
476626567-X,adipiscing elit proin interdum,1951-04-16
239359492-2,iaculis justo in hac,1974-01-30
465804834-5,dis parturient montes nascetur ridiculus,1942-11-27
139313820-9,odio donec vitae nisi nam ultrices,1924-03-01
808598118-1,sed tristique in tempus,1937-09-21
907253476-X,commodo placerat praesent,1980-07-01
714838236-X,penatibus et magnis,1928-07-19
176248949-X,nonummy integer non velit donec,1923-01-30
099359667-3,eu tincidunt in leo maecenas pulvinar,1979-06-29
360852609-9,etiam justo etiam pretium iaculis justo,1945-09-20
137015870-X,in faucibus orci,1964-01-13
365883353-X,nonummy maecenas tincidunt lacus at,1950-02-12
407158015-1,sagittis nam congue risus semper,1974-01-31
339196505-3,parturient montes nascetur,1989-04-30
468732344-8,eget elit,1949-09-15
475631339-6,sed justo pellentesque viverra pede ac,1934-10-17
483913974-1,felis sed lacus morbi sem,1959-04-08
772266038-X,iaculis congue vivamus metus arcu adipiscing,1983-08-14
178346520-4,adipiscing elit proin,1946-10-25
721595583-4,ante ipsum primis in faucibus,1966-01-24
319449377-9,aliquet at feugiat non pretium quis,1938-06-02
274556441-2,ligula sit amet eleifend pede,1921-12-14
330118983-0,nisi eu orci mauris lacinia sapien,1929-04-23
902758514-8,sem mauris laoreet ut rhoncus aliquet,1932-05-28
231994605-5,vivamus tortor duis mattis egestas metus,1988-12-25
801042367-X,quis libero nullam sit amet turpis,1975-07-28
455337447-1,egestas metus aenean fermentum,1924-03-07
941469821-3,augue aliquam,1942-01-24
305567112-0,vestibulum sagittis,1934-08-06
185227220-1,diam neque,1964-01-28
625626092-9,proin eu mi nulla ac enim,1933-02-25
111424333-7,eget elit,1972-11-29
742649432-2,duis bibendum,1975-01-06
553616110-5,lectus vestibulum quam sapien varius,1990-04-21
396489191-6,quis augue luctus,1959-09-28
694205012-1,convallis nunc proin at turpis,1934-04-22
521889136-3,fusce congue diam id,1937-03-15
443808212-9,libero nullam sit,1962-09-22
347703915-7,augue vestibulum,1979-03-14
902684281-3,lorem id ligula suspendisse ornare,1931-06-15
872337115-3,interdum in,1963-04-22
340368370-2,sit amet,1970-10-23
276238203-3,pretium iaculis justo in hac,1943-10-03
533743811-5,morbi vel,1952-12-15
839634763-8,vivamus metus,1982-12-21
862104430-7,turpis eget elit sodales scelerisque,1932-11-04
105442468-3,potenti nullam porttitor lacus,1926-07-19
021951027-X,etiam pretium iaculis justo in,1922-05-21
956120390-1,aliquet maecenas leo odio,1954-08-30
991973203-6,praesent blandit lacinia,1922-04-18
044445638-4,justo eu,1921-09-22
971188175-6,in porttitor pede justo,1977-09-06
645653770-3,luctus nec molestie,1951-07-15
178658540-5,at feugiat,1928-07-31
360145900-0,neque vestibulum eget,1974-05-05
432961450-2,sit amet,1951-09-11
217542965-2,magnis dis parturient,1979-05-17
101843563-8,in tempor turpis nec euismod,1980-02-27
976420629-8,cras mi pede malesuada,1936-02-21
540607423-7,vel nulla eget eros elementum,1934-10-20
359818204-X,phasellus sit amet,1963-09-30
207497373-X,pretium iaculis justo in,1942-07-23
258796922-0,pede malesuada,1924-08-05
457063292-0,non mauris morbi non,1972-03-05
664528276-1,purus eu,1966-06-07
047299428-X,nulla eget eros elementum,1925-05-18
579995759-8,congue etiam justo etiam pretium,1974-03-10
413832260-4,odio donec vitae nisi nam ultrices,1960-01-17
787790327-8,curae mauris,1951-10-22
040383255-1,pellentesque at nulla,1952-04-30
204408946-7,sapien iaculis congue,1974-06-12
802734869-2,posuere nonummy integer non velit donec,1938-05-30
672406911-4,tortor risus dapibus,1940-11-11
797465966-1,arcu libero rutrum ac lobortis vel,1955-07-30
953150959-X,ante ipsum primis in,1941-01-25
088404599-4,viverra pede ac diam cras pellentesque,1928-10-16
772200073-8,lacinia sapien quis libero nullam sit,1976-10-06
981797604-1,cras non velit nec,1963-12-18
133680730-X,nullam molestie nibh,1979-12-10
418852154-6,lacus morbi quis tortor id nulla,1947-12-01
577055800-8,in faucibus orci luctus,1973-12-11
729301660-3,hac habitasse platea dictumst morbi vestibulum,1949-12-09
110590233-1,vestibulum sagittis sapien,1977-11-09
869015358-6,sapien a libero,1968-09-17
941066768-2,etiam justo etiam pretium iaculis justo,1972-02-28
945180658-X,nulla tempus vivamus in felis,1970-12-22
786145048-1,pellentesque ultrices mattis,1932-10-08
340973640-9,natoque penatibus et,1952-10-04
772387287-9,amet eleifend pede,1933-10-28
860363038-0,morbi sem mauris laoreet ut,1938-09-09
161827704-9,fusce consequat nulla nisl nunc,1921-01-16
224712452-6,venenatis non,1963-12-29
139016966-9,phasellus sit amet erat nulla tempus,1980-04-27
955071265-6,tincidunt ante vel ipsum praesent,1973-12-22
252354766-X,consequat ut nulla sed accumsan,1950-05-07
192225408-8,hac habitasse platea dictumst aliquam,1945-10-10
076732198-7,rutrum neque,1939-01-26
990231422-8,ante vel ipsum,1988-04-23
455246283-0,feugiat non,1964-03-29
570648504-6,integer a nibh in quis justo,1933-03-17
562615719-0,et ultrices posuere cubilia curae,1921-11-09
195736441-6,vitae consectetuer eget rutrum at lorem,1974-03-23
087962926-6,justo lacinia eget tincidunt eget tempus,1969-01-03
707619864-9,pede justo lacinia,1960-10-23
306293140-X,nisi eu orci mauris,1934-12-09
971915079-3,curae nulla dapibus dolor,1954-01-05
572506490-5,diam id ornare imperdiet,1932-06-22
218016031-3,egestas metus aenean fermentum donec,1971-09-15
716299288-9,vel enim sit amet nunc,1929-02-16
920684111-4,id ligula,1927-04-05
801346257-9,vel ipsum praesent blandit lacinia erat,1976-05-09
545948438-3,bibendum morbi,1976-10-18
499282476-5,ipsum primis in faucibus orci luctus,1923-01-29
909749225-4,maecenas leo odio condimentum,1987-11-28
508941354-1,non velit donec diam neque,1963-01-17
208271788-7,ullamcorper purus sit amet nulla,1941-03-18
049998680-6,diam neque vestibulum eget,1955-06-03
453364255-1,diam cras,1947-11-24
579699855-2,posuere nonummy integer non,1979-06-14
060289952-4,donec diam neque vestibulum,1950-09-06
252624926-0,laoreet ut rhoncus aliquet pulvinar sed,1926-03-31
752920536-6,dapibus nulla,1937-03-24
307782321-7,tincidunt eu felis,1926-10-15
163131171-9,enim sit amet nunc,1987-11-21
278500349-7,nisi venenatis tristique fusce congue,1975-08-24
654200144-1,neque sapien placerat,1957-03-10
710146686-9,aenean lectus pellentesque eget nunc,1986-11-20
596771048-5,pellentesque ultrices phasellus id sapien,1935-12-28
398688367-3,donec semper sapien a libero,1966-01-28
792803890-0,mi nulla ac enim,1968-02-16
723045286-4,at turpis,1953-09-10
584133253-8,commodo vulputate,1988-11-02
928133571-9,morbi ut,1928-10-14
477361809-4,ipsum primis in faucibus orci luctus,1952-06-16
795050134-0,posuere cubilia curae nulla dapibus,1982-05-11
649750039-1,curabitur in libero ut massa,1960-11-18
160003507-8,nullam orci pede,1975-02-27
906411440-4,erat id,1966-12-07
262070946-6,magnis dis parturient montes,1960-08-25
486021748-9,vel enim sit amet nunc viverra,1956-02-12
732882022-5,molestie hendrerit at vulputate vitae nisl,1982-01-21
605137683-6,praesent blandit,1974-01-30
220265293-0,cubilia curae,1981-02-14
473485275-8,velit id pretium iaculis diam erat,1969-03-12
732283958-7,id nulla ultrices aliquet,1981-12-21
429742839-3,maecenas rhoncus aliquam lacus morbi quis,1933-09-23
772464886-7,duis mattis,1930-08-04
516459564-8,integer ac leo,1929-08-14
920560870-X,semper interdum mauris ullamcorper purus sit,1988-10-23
832840443-5,nulla elit,1963-03-17
187939924-5,lectus suspendisse,1967-01-28
059060217-9,rutrum nulla nunc,1985-10-18
817425316-5,ipsum ac tellus semper interdum,1925-08-02
462446369-2,faucibus accumsan,1971-08-15
758922226-7,tortor sollicitudin mi sit amet,1942-10-01
845797298-7,ultrices libero non,1977-02-16
567551508-9,ut erat curabitur gravida nisi at,1934-05-22
582779425-2,rutrum nulla tellus in,1962-12-09
639461963-9,odio elementum eu interdum eu,1938-12-14
710718132-7,lectus vestibulum,1938-01-07
913110543-2,non quam nec dui luctus,1970-02-16
770360893-9,pretium nisl ut,1921-03-01
164846446-7,ultrices libero non mattis,1940-08-11
755510122-X,nibh ligula nec sem duis aliquam,1927-04-27
789960206-8,faucibus orci luctus et,1942-10-22
287329008-0,rhoncus sed vestibulum sit,1955-02-27
682574924-2,dictumst etiam faucibus cursus urna,1952-01-28
689568774-2,mauris morbi,1931-01-30
663837758-2,vestibulum sagittis sapien cum,1951-07-16
457761773-0,mauris lacinia,1978-01-21
263496983-X,nunc donec quis,1959-03-17
790520399-9,ac consequat metus sapien ut nunc,1959-12-28
013233588-3,mi pede malesuada in imperdiet,1987-07-01
409399512-5,ipsum integer a,1983-02-01
324157084-3,metus aenean fermentum,1950-06-01
007830259-5,platea dictumst aliquam augue quam,1955-06-08
799464222-5,nulla facilisi cras non velit nec,1949-05-24
376976249-5,tristique est et tempus,1925-08-21
610756680-5,libero ut massa volutpat,1990-06-10
943045953-8,integer ac neque duis,1977-11-11
384796370-8,consequat in,1954-05-03
591343323-8,fermentum donec,1929-11-08
002142357-1,nulla integer,1947-02-15
631378412-X,sed magna at,1983-12-04
335472442-0,accumsan tellus nisi eu orci mauris,1970-07-18
061438831-7,dui luctus rutrum nulla tellus,1947-05-06
824156318-3,ante ipsum primis in,1958-11-07
517281598-8,sapien cum sociis natoque penatibus et,1977-08-24
892646281-1,ligula suspendisse ornare consequat,1983-03-04
084282137-6,nisl aenean lectus pellentesque eget,1935-11-30
994472167-0,mattis egestas metus aenean fermentum,1950-04-04
409625455-X,at turpis a pede posuere nonummy,1923-02-27
160197190-7,pellentesque at nulla suspendisse potenti,1965-04-30
461792455-8,ac leo pellentesque,1954-10-28
041664934-3,nisi vulputate nonummy,1957-12-09
905322804-7,velit donec,1936-09-08
817965045-6,risus praesent lectus vestibulum,1979-04-14
086064659-9,ac nulla sed,1929-08-10
621121488-X,porttitor pede justo eu,1989-08-11
561071787-6,gravida sem praesent id massa id,1932-10-16
591086001-1,eu magna vulputate luctus cum,1930-11-09
668284773-4,risus praesent,1929-01-17
985145164-9,nibh in lectus,1945-10-20
927987655-4,sit amet erat nulla,1988-09-09
510136700-1,at turpis,1950-06-23
788936338-9,nulla sed accumsan felis ut at,1970-10-24
954754506-X,erat quisque erat eros viverra,1941-05-16
223066809-9,elit ac,1938-09-28
032927365-5,donec quis orci eget orci,1965-07-11
396363592-4,libero non mattis pulvinar,1957-09-15
482590630-3,vel lectus,1947-12-06
125300770-5,elit proin risus praesent lectus vestibulum,1954-01-17
629775302-4,tortor id nulla ultrices,1924-09-06
155529951-2,adipiscing elit proin interdum,1980-03-05
885380918-3,pellentesque quisque porta volutpat erat quisque,1953-03-29
080524493-X,condimentum neque sapien placerat,1970-01-22
872768016-9,nisl aenean lectus pellentesque,1973-05-09
810700819-7,sed vel,1935-11-23
013967153-6,rutrum rutrum neque aenean,1988-05-17
229684914-8,tellus nisi,1959-01-03
535299648-4,orci mauris lacinia sapien,1964-04-16
433270884-9,nisl ut volutpat sapien arcu sed,1966-12-19
924798613-3,ultrices posuere cubilia curae,1988-10-21
589339268-X,nunc viverra dapibus nulla suscipit,1960-03-31
733006016-X,et ultrices,1927-07-09
670777452-2,in ante vestibulum ante ipsum primis,1936-12-26
844075433-7,lobortis ligula sit amet,1974-09-07
318955877-9,mattis pulvinar nulla pede ullamcorper augue,1934-03-28
889453877-X,lacinia sapien quis libero nullam,1932-02-11
164381431-1,elit proin,1954-12-14
184583645-6,mus vivamus vestibulum sagittis sapien cum,1930-01-29
