Clayborn,Pengelley,7791537270864
Elita,Benedict,2436770059354
Issi,Petrik,4004190050249
Carlynn,McIndoe,4294282547878
Lenna,De Caville,6432784097173
Aleen,Eustis,6771164183617
Mortie,Liddy,0964082910404
Luci,Baudon,5288039688538
Beatrisa,Slayton,4666553786226
Ernest,Fulle,6216697415689
Jacki,Smedmore,5015471286482
Cyndia,Egentan,2022692786501
Rahel,Daville,7659878016575
Ilene,Ladds,2315822188029
Katerina,Parnaby,4288011509918
Jordain,Longmead,2094205435954
Marguerite,Sawforde,3551244288174
Idaline,Hatzar,0212921197800
Meade,Mc Curlye,5614612921342
Reinold,Rate,8961290755966
Carilyn,Jaszczak,4067790970649
Brandon,Seif,1857440799586
Dallas,Dach,0589092883653
Terry,Balassi,4108422999891
Germain,Meads,6749821545699
Wenonah,Hiscoe,4843906890092
Ernst,Enriques,8395715144670
Sampson,Drewet,4138468989779
Kiah,Cutbush,4100023307476
Addie,Mabbs,6376797697918
Ervin,Martin,5697761800283
Gaston,D'orsay,3978360588163
Brock,Renny,9820379029910
Peter,MacSweeney,8631378681191
Evania,McBeith,8842393825732
Dill,Brodie,4824797357192
Maureene,Methley,6676080776236
Bradly,Matiewe,1520305911090
Ignacio,Filshin,7596346911921
Rochette,Riley,1614321344037
Stafani,Petriello,9125796843111
Tedd,Edger,1104737874573
Spense,Mucklestone,9738085336863
Gretta,Helliker,0943979100429
Brit,Battell,6672164503554
Berkley,Bevens,4030897042800
Bernetta,Pilipyak,8144494226813
Danny,Maskew,8010512116080
Heather,Orsman,7617296099583
Chico,Barter,5832301211479
Marieann,Farren,7828663531474
Margaux,Whitehorn,2547375361200
Bradney,Littrik,2518054601395
Pierre,McFee,6686049897855
Richie,Maria,4871092492027
Cyrille,Gerriessen,1860724877425
Eddy,Dowrey,3485994933015
Rosanne,Womersley,5936017737070
Tanner,Burghall,6006913358900
Maitilde,Castleton,3973922229653
Rorke,Walford,4565516312392
Devy,Beagen,3834530976130
Lita,Rassell,7932847901811
Rodolphe,Saby,0714765352410
Isador,Aird,9101079219356
Errick,Overstall,9681297515826
Demott,Sanchiz,5613483817229
Birch,Alderson,1368151965168
Yorgos,Pinchin,7321804524324
Taddeo,Huonic,3392149090792
Marybeth,Demageard,9717199216021
Reed,Chattelaine,3430542562202
Silvio,Vauls,2342984154060
Cecily,Morgans,8119684700482
Helen-elizabeth,Butterworth,5878029408260
Alix,Niccolls,9357602820207
Dru,Barhims,1470855073196
Camala,Latchford,8902049156671
Judi,Scawton,5513833416523
Loralee,Dallinder,4489886542807
Robinet,Negal,4956217864510
Atalanta,Parmby,9289714897839
Kean,Debrett,3772753652007
Rozalin,Shearmer,9779109420319
Giorgi,Larmuth,8452080199089
Damien,Simonou,8289330156221
Adlai,Dobbison,2881165428042
Pearline,Garrould,2844834850857
Dyane,Muckersie,0749253623013
Nap,Suller,2294766547596
Torrie,Deaconson,8029818601825
Verla,Hirtzmann,3705845749123
Asa,Duffree,5823015789614
Jasmin,Martensen,2903227897270
Taddeusz,Corten,5310540212411
Olivette,Ould,3572774393123
Hubert,Bilbey,2463020890249
Gabi,Richarson,1525455110967
Uriah,Normansell,5708329972500
Hannie,Dorbon,4627736961449
Jodi,Henrique,2756445990721
Theo,Huniwall,8379457816799
Aili,Burfield,8231408925337
Raine,Stanex,2440808528154
Siana,Miranda,7431015829540
Jodie,Kaubisch,5171534653674
Whit,Belchamp,5368836238595
Sammy,Cleaveland,8359263413607
Curran,Teesdale,6373194745560
Trueman,Du Fray,7016180699406
Sukey,Radenhurst,2855827869258
Ealasaid,Ekkel,5899048942742
Alexis,Rostron,3990777696640
Beryle,Dossetter,3040666369370
Nevsa,Scotchmor,0215771428644
Raymund,Trimming,2507913768704
Stephen,Grigoryov,6028378608721
Valentijn,Mates,4260906892212
Weston,Hindshaw,3854096791000
Carolin,Knight,7922251986463
Burtie,Hamfleet,2345822925402
Susannah,Jeary,3959868613794
Johan,Bodleigh,9861510583849
Codi,Howat,7870534561360
Catarina,Le Brum,1522555001868
Shari,Davidavidovics,3428336103838
Ado,Minnis,8358116554594
Tedd,Tessyman,5771719128714
Brianna,Woolway,2820120548584
Katerina,Mattisson,7919172786352
Rorie,Skiggs,4285998593082
Pepi,O' Clovan,4207710699934
Laryssa,Owenson,9643003394357
Rozelle,Lazar,1113645179396
Pavel,Tyt,2513502549833
Fern,Raoux,6748160323027
Brice,Blethin,1869364218157
Mia,Fancy,0813356816605
Avrom,Ashtonhurst,6629674651723
Darb,Roan,2195129738848
Evy,Wooffinden,5254583691477
Gothart,Roddick,9253903243515
Philippe,Armytage,5736539039354
Pegeen,Sheeres,4710016681885
Goldie,Bertot,4245560232127
Gerhard,Kearney,7027575161807
Koressa,Sartin,7641796856373
Rana,Napper,5619138276337
Lorna,Ghiroldi,1919378529430
Luis,A'Barrow,5149139288907
Tanner,Godehard.sf,1715862486134
Trip,Lorie,5896270749334
Waverly,Huckel,1897671513589
Edna,Asplin,8985917272463
Brianne,Mayell,5728380974355
Celie,Saddington,8877781070643
Freedman,Taw,0127756005250
Maddy,Deere,3939868015613
Melva,Furmonger,8210763330310
Griff,O'Downe,8010405247712
Olav,Cull,0642363510390
Joelle,Kilgrove,1522878567627
Freddie,Compton,2846483980292
Brose,Fairburn,7688611912937
Fitz,Wellbelove,0613901538398
Ellyn,Empson,2710047110103
Gardner,Amorine,6023111983060
Ardine,Audibert,3447501902223
Eran,Jonczyk,4088852642485
Magda,Crennell,1154300136685
Wald,Jager,5659329321116
Reta,Tomasek,4666134912817
Kizzie,Crunkhurn,5918555937513
Patrizius,Caris,7766612822966
Asa,Beadles,5323091173380
Terrell,Gynne,0098919964011
Henrieta,Alberti,1986958123599
Niko,Winfred,7724047274634
Aleta,Pelerin,7828848982399
Gretchen,Berney,6059706043084
Humfrid,Mattecot,0223451008679
Celesta,McDaid,8386262523488
Lizabeth,Dobinson,8268006586481
Sonnnie,Sainter,9496099975676
Iormina,Ayre,5320611895796
Reginald,Skentelbury,9007371483201
Haven,Ritmeier,9073932251904
Joey,Lochrie,3766571670513
Lilia,Doret,0718044913779
Cordey,McChruiter,6517506527198
Leanor,Drysdell,4754505112808
Deedee,Sucre,5961463434718
Wheeler,Arthey,0369135095904
Jessi,Dailly,1316391577844
Pete,Lagde,1273273310954
Cornelia,Kendred,8815704778099
Melloney,Chillistone,9540794398369
Jessalyn,Leggen,7052219719619
Augustine,De Bernardis,5583091673260
Ingelbert,Pooke,9748767428619
Susy,Vickerman,6987179881519
Tremayne,Hanton,5751602845054
Devon,Fooks,4756045226790
Raquela,Ovitts,7138122931813
Gloriane,Tack,9973279520734
Gavin,O'Halloran,7306071356310
Waverly,Esser,5351020188872
Dom,Bleazard,6820475715878
Marina,Tomkys,4775572397291
Wilone,Bastard,5477221580784
Bambie,Etienne,5276437432480
Merline,Parsonage,1100525449903
April,Wilmington,1866572592555
Ralph,McCarlich,0502987862908
Trixi,Jozwicki,1272821363855
Philbert,Filoniere,1836075935825
Lila,Westrope,9354360683607
Rosaleen,Wych,1653151597299
Pattin,Relfe,8313365619293
Min,Stolting,2126589443997
Joya,Westcot,9037171248570
Ben,Farey,1024589326880
Zea,Bravery,4680905011113
Sallee,Furse,4736782934944
Kelci,Fuchs,5433593917289
Quill,Van Oord,6269851483169
Traci,Tulley,6871732988333
Ingaborg,Willimot,2938037953158
Kathrine,Lush,4712316361011
Letty,O'Shavlan,5617150495499
Micki,Casarino,1387918546964
Merwyn,Nano,1148246500800
Alvinia,Cheetham,1078977013290
Ronna,Sachno,7083030201503
Amelina,Klousner,9013726388920
Sarah,McGow,6421435869591
Billy,Papps,5986259623441
Celestina,Gunderson,3670506174542
Valenka,Judkins,1716182955915
Pet,Pieper,8165323717828
Carlie,Zuanelli,2102926943172
Courtnay,Yitzhok,1177585298865
Tyne,Catanheira,4561094168128
Olympe,De Gregoli,7281853805806
Marrissa,Kemery,8663393360912
Marinna,Manders,6729776322895
Trisha,Wisby,6943218096086
Sean,Crossdale,3088666250618
Jacinta,Jumonet,7155915712932
Cleve,Imesen,4599887499591
Marjy,Sprason,7643387915842
Powell,Malinson,8175576879390
Aleece,Scripps,0526908769367
Pru,Dwelly,7539073937587
Shandy,Garfit,0066359560930
Idaline,Hartless,5068549191120
Edin,Badman,0775845545738
Reta,Tremeer,8398710327581
Tracey,Russell,4562568601833
Demott,Duffett,5110081774195
Nola,Ball,1999198124932
Mathilda,Hatchard,4417316683061
Waylan,Deare,2076685618776
Jonas,Oldall,2413832083291
Bria,Extall,1267572278283
Rhiamon,Maddyson,9103095672896
Ofella,Cannon,8971340534647
Nickolaus,McCrann,0572005177384
Gustavus,Spuner,6446338539213
Jerrie,Wellsman,2792068703914
Aundrea,Izzett,3973174015837
Livia,Maria,2111706274700
Albertina,Rigney,4621595808588
Willette,Stoute,5486341096094
Cecelia,Ginglell,5015802924735
Carey,Andrzej,2827884309951
Carol,O'Concannon,1488948117020
Christopher,Trayford,6464460279937
Tully,Furnell,2283653286666
Gilli,Golledge,9692594655909
Erasmus,Holgan,9134597118258
Saxe,Gerauld,0042799841684
Moselle,Cottee,0978167519274
Cam,Millhill,8500591916213
Harv,Davana,1158037713988
Ulrike,Cowtherd,7797291096167
Cammie,Dockray,9599197697120
Maddy,Leverton,8279650559667
Charmine,Ovanesian,5552797807270
Dulcie,Conrart,2856707601359
Kiel,Dorre,3063308860953
Alica,Conaghy,3825794641392
Arty,Seneschal,3267964717364
Amalita,Veryan,4553084571313
Jennifer,Chestnutt,1488414147543
Adella,Buckwell,7805252164868
Devora,Grills,5086542409904
Bastien,Cavaney,5788707968807
Darby,Chellenham,4950122717513
Missy,McGenn,5044130538068
Flora,Ondricek,3748178905741
Lyn,Boldry,4491410655776
Ajay,Colvie,7353832628936
Winfred,Leethem,5474607181936
Allis,Linde,2197840517268
Emmy,Bolliver,5236443998346
Daniella,Jouaneton,7570115204145
Moyra,Totterdill,7076466370789
Evonne,Owbridge,6288724803496
Read,Nertney,8116223567646
Gilbert,Fernihough,8428685853208
Elianore,Taffarello,9136973262315
Hanan,Benyan,4291087207012
Carmelia,Cadogan,4006035053904
Shawna,Massingberd,6766355676224
Eustacia,Tunnoch,6486311205827
Jehu,Creyke,8695323289423
Layney,Cohr,0842541717380
Cam,Forson,5828320918616
Jakie,Swinbourne,3241736979877
Dacia,Gambell,0023121957508
Ruthanne,Stern,1479233086763
Tiebout,Alenichicov,5064724547956
Alicea,D'Souza,1382732735941
Leigh,Gilbey,4799735179671
Rubin,Delcastel,2781413658133
Anica,Schimmang,9333216546434
Wendy,O'Feeny,2752414752897
Rosabel,Budnk,3626974023857
Ellery,Kuschke,8647965590280
Rubetta,Server,1681994421002
Marianna,Tomaszczyk,8792864320554
Gerrard,Nitto,8030470702569
Kelsey,Wright,1712826806633
Jeffie,Mangham,6785511199541
Mireille,Litzmann,9674021743489
Bentlee,Crockley,6187671799510
Frank,Alvares,7987589428087
Loy,Spurr,2285574732102
Laurence,Reilingen,3228521593906
Tremayne,Colquhoun,0571055486070
Willette,Lefridge,6977290663159
Evangelina,Ebbers,0457471975110
Linnet,Lesslie,9724592699409
Emmy,Wreath,4408852571405
Whitby,Gelletly,8146624332172
Dasha,Kuhnert,1542981701313
Rebbecca,Crayton,0070076569715
Giselbert,Wymer,4521596634255
Jeramey,Pynner,8004059973274
Tana,Shenley,4911348734982
Chantalle,Giovanizio,0599914507051
Lyndsay,Reedshaw,4406524433709
Udale,Taylour,5144543001652
Bruis,Lyness,1311030649920
Cathrine,Garza,3000901049740
Nigel,Bruggen,4073477053005
Edyth,Husselbee,8215025649017
Garrott,Brayley,1741960825815
Bonny,Frankel,3665455388069
Isidore,Wherrett,1813203399530
Cris,Chantillon,7361128802008
Rhiamon,Gilleson,1598769670159
Clarie,Corro,9924120682190
Bronny,Lowensohn,0277258896737
Miner,Woodhall,8515714315133
Adelice,Gleader,9800914129118
Laney,McRinn,8329712941465
Neda,Chipman,1189518973146
Gale,Hance,6891837009080
Tamqrah,Thorald,5518706928905
Agace,Sutherns,9762111739659
Immanuel,Rosina,4966591582723
Nessa,Van der Veldt,3707547425112
Peter,Stoter,4918767164544
Vale,Bulter,4842143921689
Nahum,Murrhaupt,6847790312014
Dermot,Van der Merwe,7322591956244
Thaddus,Dimitriou,9459933583537
Dela,Wooff,7907819460015
Rad,Henzley,3241544556178
Barthel,Butting,5082758650888
Ramon,Gresley,9899718516258
Brenn,Beri,2128611728771
Wat,Oller,2775040947145
Vinny,Issitt,2818007282719
Tanney,Brasner,8888339651320
Gwendolin,Itzhak,0439819635116
Fleur,Lewzey,5224682351291
Anitra,Pawlata,0160511818216
Danie,Faye,2478496288375
Rosabel,Dudney,2653436093001
Joletta,Lagne,6989324821813
Tandie,Lehr,8458983566928
Rafaelia,Latore,2332368653417
Morse,Rockliffe,4781388325590
Free,Vanacci,8164608032356
Lyssa,Mussilli,7675441052993
Flossy,Langfitt,3359803090346
Alphonso,Thomkins,0175146464769
Colene,Pouton,4490595128501
Mame,Fieldhouse,9858575333465
Carmen,Rustedge,1811834770025
Jerrine,De Wolfe,6530848632168
Josefa,Farrimond,1312642767548
Carlye,Shotboult,1177411855712
Fanchette,O'Moylane,9688425432158
Ruthy,Vairow,3624774820145
Elizabet,Golson,8478681149840
Jehanna,Shellum,9941301214790
Clarice,Skyppe,6180956382967
Caril,Primo,0793562755596
Ediva,Minghi,7219671390081
Adolph,Harford,5644321113649
Bank,Nell,6516513180119
Teriann,Pfiffer,8207165641966
Jordon,Jude,3566659855121
Jojo,Hexter,6487155111768
Di,Moseby,2711170753914
Dionisio,Guage,2018340147795
Mischa,Praton,6285173571830
Kermit,End,3818946118237
Thornton,Feavearyear,2245305487661
Inez,Mc Carroll,8922774576208
Tisha,Seydlitz,5633073753157
Monty,Raison,0234198514478
Sue,Grodden,7996034233401
Neall,Borley,6463950147678
Silvester,Pharoah,6891663971740
Marj,Seares,5052285334788
Seamus,Yanuk,5635255645795
Yuma,Readie,8614451295543
Ashely,Upson,2003041109478
Loralyn,Polak,2089265599974
Tannie,Klain,1465001395488
Terrell,Carabine,8392331177835
Matthus,Weber,7905842526910
Della,Gaukroger,7030716937328
Robinson,Sydenham,9342055390374
Kelly,Faithfull,3428811297342
Carolina,Denver,3263293208173
Dag,Kelby,6492050963937
Melisande,Stutt,4201326885525
Gael,Dalli,1964176390859
Modesty,Napper,0497937818095
Sherm,Rigge,3451078750829
Karlee,Lecointe,0114463492931
Dermot,Pinnell,3901725538855
Fredericka,Lanchester,2076523510445
Eustacia,O'Sharkey,8017712164550
Clyde,Pitblado,0004768578034
Heida,Corstan,8218450825624
Roland,Peter,4476686166228
Sammy,Pagelsen,9859473802838
Esmeralda,Delacour,2455568454581
Guillermo,Wimms,4409978335601
Mollie,Frew,1616914605683
Melisse,Klaes,2275692617411
Yankee,Farrand,0535100657735
Ericha,Southerell,6555675651464
Wenda,Atley,6886156716282
Gerry,Taw,8487258340469
Carmelita,Greenlees,6015473864717
Worthington,Dowson,0956365399026
Lelah,Cordoba,2972994339336
Perkin,Debrett,9876085409874
Adoree,Baybutt,3897993134939
Faber,Lightfoot,6249216544563
Giacinta,Berre,4626921731481
Geneva,Houselee,2147047464996
Nicolina,Willeman,4854586901682
Ansell,Doret,8008039810537
Leif,Haps,8951887644915
Radcliffe,Basili,4750714235829
Lynna,Maypes,0144439931689
Carlos,Openshaw,6666295917946
Jeanine,Salzburg,9942697408301
Emlyn,Cordero,9613611234189
Ola,Klemke,2318155695677
Vonny,Siemons,8414589909260
Shelbi,Parish,4213547028386
Andrei,Domke,5551784717518
Sabina,Tuffield,3138817784509
Thaddus,O'Regan,6577343059509
Gabie,Fyfe,0353888203719
Lacee,Boundey,1206408302134
Luz,Jozsef,5538596502844
Lacie,Roj,7159949472041
Wait,Ternent,1590166138067
Trevor,Yitzhak,2091483924067
Justina,Pagnin,6987429115184
Marta,Mitrovic,6974579503044
Josselyn,Womack,4138932995876
Zarla,Brighty,5126442675541
Wilbert,Greedier,8873600858990
Aimil,Volante,6356754666680
Kristin,Marunchak,8565849704862
Leigh,Cherry,6551675919487
Janna,Merryfield,1895319224801
Annabela,Scading,7812866787521
Cash,Todd,3304031506507
Stillman,Gillanders,9113858015124
Briggs,Le Gassick,4115427500564
Sonnie,Surtees,2616773572778
Jolene,Amott,5720159499041
Donia,Tire,2967775536762
Karel,Oldershaw,2255604659633
Lenora,Harbron,7914482831644
Lamond,Doswell,8313007786617
Aloysius,Reeds,4746026885918
Etty,Pottinger,3330508796910
Ossie,Malkin,6399425886320
Filippa,Holmyard,5765218662203
Whitby,Busson,9876356578248
Rahel,Baythrop,9441061343067
Izzy,Telling,8156039627020
Stinky,Wraith,3985276582438
Karoly,Clacey,7122297367486
Paule,Arnaldo,3573947927164
Chicky,McRory,2671914677350
Kania,Hinners,9352946078984
Mariam,Abramcik,8364966005940
Alfreda,Merveille,8944709420487
Jo,Edmead,8190692412894
Barrett,Broadberrie,5124102135822
Gracie,Marunchak,1825960080366
Carlene,Deyenhardt,1450534111745
Aline,Bertl,2531407010072
Philipa,Hasell,8862945299709
Wyn,Leel,8500683276759
Chandler,de la Tremoille,3995241482516
Luisa,Raccio,6968355813391
Juliane,Geeve,6666058519613
Belita,Salatino,7564505766897
Ardelia,Raft,8304939950251
Nata,Camoletto,5244478166082
Cindie,Locard,8035393577963
Harmony,Pinnick,7137695088154
Harvey,Hyne,0891325946846
Fiorenze,Wiltshier,2943347754807
Colby,Nelmes,2130723307570
Carolann,Bulloch,3892016054978
Baron,Mordue,6470463111261
Colver,Bayne,7775481017280
Tuck,Backman,8176220953768
Nessi,Jahnisch,5036617910042
Adorne,Aps,5032509436194
Zora,Bernaldez,1765186836291
Marcelle,Bold,0339295495891
Binni,Logg,1272291939914
Artie,Boxer,0135002171361
Erin,Pietrowicz,0444901926549
Annis,Slidders,4992487916503
Terrijo,Pickover,4314311019667
Ingeborg,Besantie,5106810566609
Scarlett,Kingswoode,2029968876606
Cinnamon,Rase,2748770353561
Marya,Del Checolo,0393905137119
Rosina,Ferenc,8344470162812
Raphaela,Berntsson,6107831819051
Ramonda,Bernollet,0491198040838
Nesta,Borless,1967681557545
Sheelah,MacCallam,6266501831792
Skipper,Whoston,5062595007547
Bruis,Giral,9504820394030
Becca,Jachimiak,0049586441303
Ethelred,Berthon,1335010389087
Jacinthe,Sam,2653715518283
Bailie,Steen,2991019494818
Tess,Palatino,1829221590376
Estella,Newcombe,0063389534816
Jaime,Poxon,7236243722014
Ninnetta,Johansen,2120293001883
Toni,Ingerith,5412460076372
Cassy,Hamer,4655070826716
Dacy,Antoniat,9097430424787
Wilmer,Blissett,2349146649383
Licha,Murison,3963803000108
Aggie,Manston,0847556844863
Ailee,Morrieson,0812690524273
Avis,Burchmore,3867158438852
Patrick,Berthouloume,6446802550145
Ivan,Atcheson,7505632398195
Alyson,Harrell,1060878285849
Alene,Abbiss,1320397992031
Belicia,Fanthom,3086789365807
Tucky,Sooley,6268449385564
Tori,Ollerhead,5149654153041
Annadiana,Euplate,2385152156133
Ladonna,Poyzer,6720653666311
Tiff,Stidson,3592170082071
Patience,Statton,4845152485708
Maxwell,Cokely,6046080822137
Geraldine,Andresser,4930091680341
Alfons,Piggrem,3318505482486
Cariotta,Beswick,3319680136942
Emyle,Allott,2759900066310
Lanny,O'Nolan,6824720721446
Benny,Mingo,3372785170961
Benito,Husby,7283142771815
Deeanne,Gaitskell,9139117056400
Whittaker,Sime,9258431151066
Gerry,Meco,8682785525238
Greer,Sainsberry,6708987340335
Stuart,Pither,1626392499814
Philippa,Petzold,5827760701705
Rosalind,Cochrane,7683476469594
Niall,Frape,0249463385832
Merry,Ingman,0496593629478
Chryste,Sitlington,3077497092775
Rosalind,Pawling,8361893482549
Ernesta,Matheson,4412518207215
Sherry,Monaghan,4258415481725
Adele,Ravillas,4511583524614
Winifield,Cardozo,5152676734072
Barth,Hacket,1013433352924
Arluene,Antill,7895451899848
Kennedy,Cohr,2444383960154
Ailina,Sayle,8613393734198
Mata,Wardell,0564352171000
Lorens,Stanaway,2041990022010
Arny,Gaisford,1190092971179
Maurice,Cornford,6045749906725
Antoni,Yousef,7400841096515
Angie,Wattisham,1802109473900
Dee,Favela,7810244614460
Andee,Raitt,6847158663984
Grantley,Chapman,3289879717470
Sergent,Whipp,1752223916214
Aila,Mallinder,0958400322589
Haleigh,Thornewill,4915232671819
Tarrah,Pendlenton,5158063797249
Vincents,Limerick,6821041421320
Rory,Matyas,9517389999307
Linet,Oki,0265038266622
Meggy,Mangon,5286914759033
Theodore,Persich,8157204884069
Adrian,Bryers,1416306716188
Jeremias,Chritchley,5190845412760
Travis,Tooker,9691751684894
Selene,Collier,3180014887949
Lambert,Venning,8547702547620
Flor,Ballham,1844465380856
Berne,Canto,0457501112810
Lynnea,Hovenden,4189925698755
Portie,Bradd,5686822503081
Ryan,Josskowitz,8833491831250
Peirce,Pelfer,8037065833113
Valene,Gallie,9479363815815
Melania,Kalker,4249545351834
Sherwood,Vain,8561843701492
Mellisa,Trustram,2510653624015
Aldwin,Lantaff,2381468908044
Jeffie,Giurio,6109065476054
Cornela,Cotillard,9310397284400
Durante,Pinkard,4527103120247
Denis,Boliver,8963100519563
Gertruda,Koopman,1311581953541
Pail,Jakov,0564589593592
Wat,Loadman,4112389156898
Arin,Rojas,3100899433091
Kliment,Sergant,9044073600128
Jodie,Colisbe,0798199592738
Heywood,Gartenfeld,4902857774164
Sashenka,Hewson,0119807752750
Trixi,Alyonov,8322233570497
Trenna,Cahen,8939853717355
Evonne,Scard,2449137143374
Ladonna,Norvel,7784926059842
Cherin,Simonett,3658026261762
Emmery,Collibear,3239951817150
Mufinella,Burrows,3331866083380
Belita,Wiltshaw,7541231636078
Kacey,Cage,9074910277078
Ardenia,Alliker,0931431019155
Stanislaus,Neal,2124688782987
Bernarr,Cockshoot,6385259562746
Lonnard,Morter,3196974607770
Wallie,Pullan,6116123504580
Lamond,Goggan,5749786381077
Ignatius,Harris,9409256684605
Melantha,Force,2098974389649
Rochester,Peery,0259470358270
Dottie,Simonds,9300727133577
Morgan,Rands,9902715657614
Laurie,MacKeogh,1066513943531
Emmi,Reder,7004980877751
Rene,Vannar,8473798232886
Tiff,Arber,8868632642349
Pincas,MacPeake,1029449873097
Englebert,Brydie,9465995098387
Olenka,Licciardello,5534599632164
Tally,Langran,4532712212658
Alano,Wolfenden,5770720929493
Filippa,Whylie,8061139928787
Jecho,Clurow,7842469053576
Roger,Lawling,2251607452030
Porty,Medeway,9590744216677
Zeke,Gregoriou,9813712595427
Inigo,Ege,5689934640675
Jamaal,Curness,8339943628856
Rosamund,Lowbridge,7873565462163
Marylee,Earp,5619228675246
Laughton,Cavozzi,3355555820755
Stearn,Hawkin,9032205158852
Mildred,Jansie,7665823473992
Jordan,Lesor,1718956063658
Vinnie,Janecki,8245322763658
Patrizia,Woodwind,6140052616803
Gwennie,Stockdale,3896259239114
Abdel,Giraudot,7870471659129
Aliza,Etuck,9087649438847
Jessika,Hawarden,4262553689142
Dick,Bohills,3763440273173
Sashenka,Delion,0420362558139
Flin,Greggs,0020020921387
Robenia,Simoneau,0420731931575
Sig,McCaughey,6353304371607
Osborne,Duckworth,3615100609260
Evonne,Aysh,2919972050806
Wynne,Edleston,6399276388482
Casandra,Cadding,3765953901474
Magdalen,Dunsmuir,9222272404220
Dmitri,North,6573843551027
Shannah,Jakucewicz,5616930448887
Roberto,Scott,9170740141139
Catrina,Andriveaux,6726888254739
Craig,Walder,4727329428344
Grantley,Cowen,4955174285852
Cosette,Jouandet,9639879278854
June,Rowler,2577048488284
Ericha,Hulland,2010589713431
Penelope,Gilleson,0141271836637
Tye,Trevaskis,0088593922761
Jacquenette,Hartford,8377597494871
Walton,McKilroe,1054583484699
Barclay,Shynn,2255571366408
Amalita,Iacovo,4867539915983
Sheeree,Gamlyn,6467465416782
Kaine,Gerdts,5152289701321
Ty,Bikker,4427720934587
Gerta,Gosforth,4667347489063
Barnabas,Roughan,8169131706278
Rabbi,Kibel,4939046423218
Marsha,Schowenburg,3263026426802
Jule,Stranieri,0533208761820
Anthea,Eke,2456196318985
Gustaf,Mungane,3102926519711
Connie,Pigrome,3316939919862
Pippa,Mapis,5487755112018
Booth,Karpets,5270241630443
Diego,Ouldcott,7032151939945
Bondy,Dulwitch,2893284612472
Mead,Castagnier,5328476325718
Monroe,Lindenbaum,6395407623907
Baron,Dobbison,8565793304412
Corey,Bliven,8842307104678
Herrick,Delamar,6105565475555
Isaiah,Dargavel,0621087822140
Penrod,Wedmore,6798933103050
Ottilie,Criag,9141878478084
Audie,Cowling,8765167268510
Emelda,Been,9465588859231
Fredi,Burnyate,8392348410371
Kynthia,Ravelus,2379343590520
Osmund,Levensky,5194870402477
Ilka,Iapico,8107651616988
Anissa,Proudler,0107323130929
Ginni,McLenahan,1741202448663
Marysa,Kaufman,2017066924570
Gianni,Meric,3963322642625
Jaquith,Leber,4208893281404
Lyn,Grose,7681958151343
Arda,Statefield,8530010041851
Denys,Gerb,8404326932791
Webster,Vice,9177379109765
Felita,Rosevear,8389625623852
Rivkah,Bilsford,7927913355234
Darsie,Kobisch,4044513784980
Rora,Aspall,0658835789117
Kiri,Game,1370155345967
Ruthann,MacGillicuddy,4263726283020
Ginelle,Garnson,7998877355536
Darcee,Willcock,1454128734287
Had,Bailles,5927473415125
Olimpia,Graysmark,3267247416809
Kelwin,Standley,7053040339713
Law,Torpie,3359410644826
Werner,Linnock,1498639659770
Barbie,Pimblotte,5328110168623
Ervin,Kippax,1683327577141
Ive,Triggs,4528163687335
Georgine,Dincke,6112507559117
Lauren,Berney,1519911703219
Aleta,Pering,3024705766285
Nickolai,Wintour,7824291239373
Marijn,Bunford,7022113500294
Christos,Craigheid,2233541149580
Georgina,Lerer,2718772902136
Josee,Baptie,3253692086867
Joline,Pearmain,5232510766954
Cal,Sawley,8126901316590
Brit,Couth,0458029261978
Nessi,McLaggan,5558518213269
Nate,Thexton,0305428257907
Edi,Seller,9080083456155
Avivah,Wellen,9507623721633
Mandi,Wain,4230379447579
Glendon,Blaszkiewicz,3919008434700
Cammie,Coote,2266960330528
Cointon,Rayworth,0920162983992
Osbourn,Bullent,1736244756201
Chrystel,Neubigging,2094344766783
Cinnamon,Tocque,1445186271489
Alta,Meeland,3652570680387
Quinton,Bennitt,0383780766910
Annadiana,Brosenius,4056990943435
Saxe,Deerness,9445318523388
Putnem,McCreedy,9193227406176
Dalli,Cooke,2279958466786
Tiphanie,McReynold,7007406874402
Franky,Reihill,9631484687163
Joel,Broxholme,9685687791033
Morganica,Angless,1820493894064
Dani,Bayston,8515798898795
Elliott,Macken,8100874028469
Carrie,Dakhov,6973004251799
Bordie,Simeon,6224156536589
Ara,Camillo,9386806600749
Darcey,Drew,9229629228023
Stillman,Fratson,5685321381305
Emilio,Blades,0029813268978
Jenine,Coundley,8706931293258
Gradeigh,Cowndley,5407279680722
Drusie,Ogg,8166032336025
Brice,Siebert,6951328797913
Charil,Tibbotts,5303046102299
Neile,Borge,9289269403382
Nataline,Farryann,3599705183262
Giacobo,Brou,9761934661683
Annmarie,Gosz,2871787887340
Nefen,Kisting,9578547085266
Dur,Hattoe,1602372624413
Billy,Jarrelt,7668801774254
Rupert,Sharply,6457361195394
Burtie,Red,0237903280146
Wang,Harome,1819054322237
Thorn,Croisdall,7458732194689
Kelwin,Haselhurst,9247824079683
Lauri,Frankham,8393501643473
Christoph,Le Cornu,8346405604358
Demetris,Novotni,1132032698473
Kaleena,Mancer,0593836863018
Ebony,Padefield,9874913447469
Clementius,Bockin,8110846226785
Giuseppe,Chadburn,9348050111385
Pepillo,Mudle,5304855451005
Cicely,Britian,4056216433582
Mia,Girkins,7737106678022
Travers,Ades,9429280922927
Mae,McGarry,3959834400462
Edvard,Goare,5291380513523
Ernestine,MacDunlevy,0358371655302
Hope,Pechard,4465060929008
Abbey,Keneford,7813004732997
Randie,Quennell,0073347102042
Elsbeth,Smoth,8422886071544
Isabeau,McGrann,3772944550613
Liuka,Yacobsohn,2090366713685
Pearl,Bradbrook,2195650514518
Sheelah,Negri,0300781042191
Boniface,Degoy,7394858332745
Rani,Marczyk,5198181661658
Emelia,Nicholas,1639708459700
Brantley,Rook,1952548000036
Marian,Prando,1776478186676
Eliza,Robbins,8043990317472
Reynard,Vautre,0451861620556
Benoite,Nicholas,5964228754617
Langston,Castello,1515700967259
Neil,Howlett,6780048506111
Granville,Burdis,7411042983393
Dianne,Peatheyjohns,7750774581151
Opalina,Hallad,7663788754628
Halley,Shemelt,1299645638082
Elita,Airey,7419762719304
Chrystel,Wrightam,0406474462246
Sigfrid,End,1530532362271
Sherman,Titchener,8739950926305
Cozmo,Solley,1072262628573
Wilek,Greensitt,2640042978909
Concettina,Manhare,4172638435189
Carlita,Vallantine,9753759760329
Karry,Sainsberry,5811247184755
Jerrilee,Cowope,4169388555797
Aubry,Eldin,0297937118136
Andra,Ambrus,8419267492912
Vinson,Kiraly,4980213353181
Jessamyn,Greenard,8607892101679
Silvana,Haking,6130900921522
Udell,Simonin,6780238386999
Kenna,Burr,3807177062784
Erastus,Kapiloff,3883047115237
Cirstoforo,Tasseler,3259848434489
Jedidiah,Moody,0118492217778
Morganica,Couche,1896022459050
Constancy,Wylie,7564094576302
Finley,Rodda,5003265813076
Maggie,Rosoman,3488699626714
Nowell,Brocklebank,8088897052581
Sylas,Kamall,2498175549258
Lizzy,Stirton,6455516360786
Salaidh,Aizic,4533948649116
Fraze,Guerre,2224370929714
Sara-ann,Giovanni,0398971880221
Amandy,Hefferan,3987010150733
Petey,Roderigo,5419359504319
Waverley,Tooker,1108963890702
Aristotle,Keher,1721700431971
Desiree,McSkeagan,3615376228919
Bebe,Attewill,4459580359527
Wright,Bacup,2613610215721
Syd,Cownden,1933303505689
Bobby,Sprigg,2976915305957
Rafaelia,Postill,3901747389193
Harcourt,Vanyutin,4689154222247
Salaidh,Stammer,9072446760170
Chrotoem,Gotfrey,3879095695431
Joachim,Aingel,9714804137748
Tiertza,Varney,6707138129845
Ellery,Leppard,2846371953624
Tomasina,Binyon,0106861181908
Rozella,Phorsby,5189759436878
Dennie,Owbridge,1586080495441
Louie,Pinock,0847097080064
Rebe,Fitzroy,2419407560347
Elisabeth,Linch,5715970673793
Moreen,Weekley,6842866028841
Gillian,Freeburn,5121442833091
Devan,Devers,0731082872508
Alair,Mawman,7415211136973
Mikel,Barwis,5752416037528
Kristen,Jessard,3733087332314
Reinhold,Feragh,9924824216190
Lanna,Tuppeny,2291835646901
Galvan,MacNeely,1546944927431
Helli,Maundrell,7421469146727
Quentin,Hubble,3384558555273
Leonerd,Huccaby,0672778641188
Row,Paddy,1372289965328
Norris,Dunkerley,1931893902668
Colette,Mullinger,9537888113571
Georgia,Scartifield,8428138338457
Aloysius,Oxx,9931564706024
Orel,Kirkhouse,9050842002030
Gill,Costelow,1690371996123
Frankie,Studdeard,8838991373709
Booth,Balden,3362362296712
Joe,Grigorey,5638081582815
Dallon,Iglesiaz,0871364155423
Oswell,Sharpling,3318280857275
Averil,Milburne,4207117796363
Flossi,Rizzardini,9539717884868
Florance,Guise,5137909739753
Rudiger,Oldnall,1228326183772
Delinda,Scutter,0943015649718
Dorette,Merfin,6243055962547
Domenico,Fergusson,9901959417251
Gaultiero,Ogers,6365179437558
Jodee,Strute,8859487034315
Marcella,Reaper,8213316225617
Gwenni,Buddell,7294769433951
Forrest,Keems,4873900480738
Jewel,Beasleigh,4927041370699
Panchito,Birkmyre,6512626101719
Aida,Mumm,3571365807695
Gale,Tomkowicz,8439408905183
Edsel,Ambroisin,3294487587140
Chastity,Anfosso,5640070423523
Kerri,Sapseed,1363597674320
Roger,Sante,4110081789054
Valencia,Dacks,8149905851727
Leandra,Goss,2171131390259
Merwin,Budden,7850115546738
Emmeline,De Bruyne,7365450385855
Vivia,Mundow,1035780864000
Elysha,Berridge,0487225360883
Agnella,Dogerty,0484159735902
Electra,Braikenridge,0612195527376
Abagail,Desporte,8360544172437
Donica,Applin,0373314905289
Vonnie,Jeffers,7044365765533
Padraic,Prott,4738650982716
Eachelle,Joontjes,6583037212050
Amii,Feldbaum,4746523901902
Robinett,Itzhak,7542731742111
Marnia,Hentzeler,8664801180680
Morse,Chestney,9730114446043
Shirlee,Keford,4925312578707
Meridith,Hubach,3428934534570
